Copyright 1986-2022 Xilinx, Inc. All Rights Reserved.
---------------------------------------------------------------------------------------------------------------------------------------------------------------------------------------------------------
| Tool Version : Vivado v.2022.1 (win64) Build 3526262 Mon Apr 18 15:48:16 MDT 2022
| Date         : Tue Sep 22 17:14:45 2026
| Host         : 1850-B402S130 running 64-bit major release  (build 9200)
| Command      : report_timing_summary -max_paths 10 -report_unconstrained -file main_timing_summary_routed.rpt -pb main_timing_summary_routed.pb -rpx main_timing_summary_routed.rpx -warn_on_violation
| Design       : main
| Device       : 7a100t-csg324
| Speed File   : -1  PRODUCTION 1.23 2018-06-13
---------------------------------------------------------------------------------------------------------------------------------------------------------------------------------------------------------

Timing Summary Report

------------------------------------------------------------------------------------------------
| Timer Settings
| --------------
------------------------------------------------------------------------------------------------

  Enable Multi Corner Analysis               :  Yes
  Enable Pessimism Removal                   :  Yes
  Pessimism Removal Resolution               :  Nearest Common Node
  Enable Input Delay Default Clock           :  No
  Enable Preset / Clear Arcs                 :  No
  Disable Flight Delays                      :  No
  Ignore I/O Paths                           :  No
  Timing Early Launch at Borrowing Latches   :  No
  Borrow Time for Max Delay Exceptions       :  Yes
  Merge Timing Exceptions                    :  Yes

  Corner  Analyze    Analyze    
  Name    Max Paths  Min Paths  
  ------  ---------  ---------  
  Slow    Yes        Yes        
  Fast    Yes        Yes        


------------------------------------------------------------------------------------------------
| Report Methodology
| ------------------
------------------------------------------------------------------------------------------------

Rule       Severity  Description                    Violations  
---------  --------  -----------------------------  ----------  
TIMING-18  Warning   Missing input or output delay  11          

Note: This report is based on the most recent report_methodology run and may not be up-to-date. Run report_methodology on the current design for the latest report.



check_timing report

Table of Contents
-----------------
1. checking no_clock (0)
2. checking constant_clock (0)
3. checking pulse_width_clock (0)
4. checking unconstrained_internal_endpoints (0)
5. checking no_input_delay (3)
6. checking no_output_delay (8)
7. checking multiple_clock (0)
8. checking generated_clocks (0)
9. checking loops (0)
10. checking partial_input_delay (0)
11. checking partial_output_delay (0)
12. checking latch_loops (0)

1. checking no_clock (0)
------------------------
 There are 0 register/latch pins with no clock.


2. checking constant_clock (0)
------------------------------
 There are 0 register/latch pins with constant_clock.


3. checking pulse_width_clock (0)
---------------------------------
 There are 0 register/latch pins which need pulse_width check


4. checking unconstrained_internal_endpoints (0)
------------------------------------------------
 There are 0 pins that are not constrained for maximum delay.

 There are 0 pins that are not constrained for maximum delay due to constant clock.


5. checking no_input_delay (3)
------------------------------
 There are 3 input ports with no input delay specified. (HIGH)

 There are 0 input ports with no input delay but user has a false path constraint.


6. checking no_output_delay (8)
-------------------------------
 There are 8 ports with no output delay specified. (HIGH)

 There are 0 ports with no output delay but user has a false path constraint

 There are 0 ports with no output delay but with a timing clock defined on it or propagating through it


7. checking multiple_clock (0)
------------------------------
 There are 0 register/latch pins with multiple clocks.


8. checking generated_clocks (0)
--------------------------------
 There are 0 generated clocks that are not connected to a clock source.


9. checking loops (0)
---------------------
 There are 0 combinational loops in the design.


10. checking partial_input_delay (0)
------------------------------------
 There are 0 input ports with partial input delay specified.


11. checking partial_output_delay (0)
-------------------------------------
 There are 0 ports with partial output delay specified.


12. checking latch_loops (0)
----------------------------
 There are 0 combinational latch loops in the design through latch input



------------------------------------------------------------------------------------------------
| Design Timing Summary
| ---------------------
------------------------------------------------------------------------------------------------

    WNS(ns)      TNS(ns)  TNS Failing Endpoints  TNS Total Endpoints      WHS(ns)      THS(ns)  THS Failing Endpoints  THS Total Endpoints     WPWS(ns)     TPWS(ns)  TPWS Failing Endpoints  TPWS Total Endpoints  
    -------      -------  ---------------------  -------------------      -------      -------  ---------------------  -------------------     --------     --------  ----------------------  --------------------  
      7.491        0.000                      0                   40        0.152        0.000                      0                   40        4.500        0.000                       0                    29  


All user specified timing constraints are met.


------------------------------------------------------------------------------------------------
| Clock Summary
| -------------
------------------------------------------------------------------------------------------------

Clock        Waveform(ns)       Period(ns)      Frequency(MHz)
-----        ------------       ----------      --------------
sys_clk_pin  {0.000 5.000}      10.000          100.000         


------------------------------------------------------------------------------------------------
| Intra Clock Table
| -----------------
------------------------------------------------------------------------------------------------

Clock             WNS(ns)      TNS(ns)  TNS Failing Endpoints  TNS Total Endpoints      WHS(ns)      THS(ns)  THS Failing Endpoints  THS Total Endpoints     WPWS(ns)     TPWS(ns)  TPWS Failing Endpoints  TPWS Total Endpoints  
-----             -------      -------  ---------------------  -------------------      -------      -------  ---------------------  -------------------     --------     --------  ----------------------  --------------------  
sys_clk_pin         7.491        0.000                      0                   40        0.152        0.000                      0                   40        4.500        0.000                       0                    29  


------------------------------------------------------------------------------------------------
| Inter Clock Table
| -----------------
------------------------------------------------------------------------------------------------

From Clock    To Clock          WNS(ns)      TNS(ns)  TNS Failing Endpoints  TNS Total Endpoints      WHS(ns)      THS(ns)  THS Failing Endpoints  THS Total Endpoints  
----------    --------          -------      -------  ---------------------  -------------------      -------      -------  ---------------------  -------------------  


------------------------------------------------------------------------------------------------
| Other Path Groups Table
| -----------------------
------------------------------------------------------------------------------------------------

Path Group    From Clock    To Clock          WNS(ns)      TNS(ns)  TNS Failing Endpoints  TNS Total Endpoints      WHS(ns)      THS(ns)  THS Failing Endpoints  THS Total Endpoints  
----------    ----------    --------          -------      -------  ---------------------  -------------------      -------      -------  ---------------------  -------------------  


------------------------------------------------------------------------------------------------
| User Ignored Path Table
| -----------------------
------------------------------------------------------------------------------------------------

Path Group    From Clock    To Clock    
----------    ----------    --------    


------------------------------------------------------------------------------------------------
| Unconstrained Path Table
| ------------------------
------------------------------------------------------------------------------------------------

Path Group    From Clock    To Clock    
----------    ----------    --------    
(none)        sys_clk_pin                 
(none)                      sys_clk_pin   


------------------------------------------------------------------------------------------------
| Timing Details
| --------------
------------------------------------------------------------------------------------------------


---------------------------------------------------------------------------------------------------
From Clock:  sys_clk_pin
  To Clock:  sys_clk_pin

Setup :            0  Failing Endpoints,  Worst Slack        7.491ns,  Total Violation        0.000ns
Hold  :            0  Failing Endpoints,  Worst Slack        0.152ns,  Total Violation        0.000ns
PW    :            0  Failing Endpoints,  Worst Slack        4.500ns,  Total Violation        0.000ns
---------------------------------------------------------------------------------------------------


Max Delay Paths
--------------------------------------------------------------------------------------
Slack (MET) :             7.491ns  (required time - arrival time)
  Source:                 U_CTRL/FF_S0/Q_reg/C
                            (rising edge-triggered cell FDPE clocked by sys_clk_pin  {rise@0.000ns fall@5.000ns period=10.000ns})
  Destination:            U_DP/U_REG_L/Q_reg[0]/CE
                            (rising edge-triggered cell FDCE clocked by sys_clk_pin  {rise@0.000ns fall@5.000ns period=10.000ns})
  Path Group:             sys_clk_pin
  Path Type:              Setup (Max at Slow Process Corner)
  Requirement:            10.000ns  (sys_clk_pin rise@10.000ns - sys_clk_pin rise@0.000ns)
  Data Path Delay:        2.246ns  (logic 0.718ns (31.964%)  route 1.528ns (68.036%))
  Logic Levels:           1  (LUT3=1)
  Clock Path Skew:        -0.022ns (DCD - SCD + CPR)
    Destination Clock Delay (DCD):    5.023ns = ( 15.023 - 10.000 ) 
    Source Clock Delay      (SCD):    5.323ns
    Clock Pessimism Removal (CPR):    0.278ns
  Clock Uncertainty:      0.035ns  ((TSJ^2 + TIJ^2)^1/2 + DJ) / 2 + PE
    Total System Jitter     (TSJ):    0.071ns
    Total Input Jitter      (TIJ):    0.000ns
    Discrete Jitter          (DJ):    0.000ns
    Phase Error              (PE):    0.000ns

    Location             Delay type                Incr(ns)  Path(ns)    Netlist Resource(s)
  -------------------------------------------------------------------    -------------------
                         (clock sys_clk_pin rise edge)
                                                      0.000     0.000 r  
    E3                                                0.000     0.000 r  clk (IN)
                         net (fo=0)                   0.000     0.000    clk
    E3                   IBUF (Prop_ibuf_I_O)         1.482     1.482 r  clk_IBUF_inst/O
                         net (fo=1, routed)           2.025     3.506    clk_IBUF
    BUFGCTRL_X0Y16       BUFG (Prop_bufg_I_O)         0.096     3.602 r  clk_IBUF_BUFG_inst/O
                         net (fo=28, routed)          1.720     5.323    U_CTRL/FF_S0/CLK
    SLICE_X0Y86          FDPE                                         r  U_CTRL/FF_S0/Q_reg/C
  -------------------------------------------------------------------    -------------------
    SLICE_X0Y86          FDPE (Prop_fdpe_C_Q)         0.419     5.742 r  U_CTRL/FF_S0/Q_reg/Q
                         net (fo=2, routed)           0.858     6.599    U_CTRL/FF_S1/Q_0
    SLICE_X1Y86          LUT3 (Prop_lut3_I1_O)        0.299     6.898 r  U_CTRL/FF_S1/Q[7]_i_1__0/O
                         net (fo=8, routed)           0.671     7.569    U_DP/U_REG_L/E[0]
    SLICE_X1Y86          FDCE                                         r  U_DP/U_REG_L/Q_reg[0]/CE
  -------------------------------------------------------------------    -------------------

                         (clock sys_clk_pin rise edge)
                                                     10.000    10.000 r  
    E3                                                0.000    10.000 r  clk (IN)
                         net (fo=0)                   0.000    10.000    clk
    E3                   IBUF (Prop_ibuf_I_O)         1.411    11.411 r  clk_IBUF_inst/O
                         net (fo=1, routed)           1.920    13.331    clk_IBUF
    BUFGCTRL_X0Y16       BUFG (Prop_bufg_I_O)         0.091    13.422 r  clk_IBUF_BUFG_inst/O
                         net (fo=28, routed)          1.600    15.023    U_DP/U_REG_L/CLK
    SLICE_X1Y86          FDCE                                         r  U_DP/U_REG_L/Q_reg[0]/C
                         clock pessimism              0.278    15.301    
                         clock uncertainty           -0.035    15.265    
    SLICE_X1Y86          FDCE (Setup_fdce_C_CE)      -0.205    15.060    U_DP/U_REG_L/Q_reg[0]
  -------------------------------------------------------------------
                         required time                         15.060    
                         arrival time                          -7.569    
  -------------------------------------------------------------------
                         slack                                  7.491    

Slack (MET) :             7.491ns  (required time - arrival time)
  Source:                 U_CTRL/FF_S0/Q_reg/C
                            (rising edge-triggered cell FDPE clocked by sys_clk_pin  {rise@0.000ns fall@5.000ns period=10.000ns})
  Destination:            U_DP/U_REG_L/Q_reg[1]/CE
                            (rising edge-triggered cell FDCE clocked by sys_clk_pin  {rise@0.000ns fall@5.000ns period=10.000ns})
  Path Group:             sys_clk_pin
  Path Type:              Setup (Max at Slow Process Corner)
  Requirement:            10.000ns  (sys_clk_pin rise@10.000ns - sys_clk_pin rise@0.000ns)
  Data Path Delay:        2.246ns  (logic 0.718ns (31.964%)  route 1.528ns (68.036%))
  Logic Levels:           1  (LUT3=1)
  Clock Path Skew:        -0.022ns (DCD - SCD + CPR)
    Destination Clock Delay (DCD):    5.023ns = ( 15.023 - 10.000 ) 
    Source Clock Delay      (SCD):    5.323ns
    Clock Pessimism Removal (CPR):    0.278ns
  Clock Uncertainty:      0.035ns  ((TSJ^2 + TIJ^2)^1/2 + DJ) / 2 + PE
    Total System Jitter     (TSJ):    0.071ns
    Total Input Jitter      (TIJ):    0.000ns
    Discrete Jitter          (DJ):    0.000ns
    Phase Error              (PE):    0.000ns

    Location             Delay type                Incr(ns)  Path(ns)    Netlist Resource(s)
  -------------------------------------------------------------------    -------------------
                         (clock sys_clk_pin rise edge)
                                                      0.000     0.000 r  
    E3                                                0.000     0.000 r  clk (IN)
                         net (fo=0)                   0.000     0.000    clk
    E3                   IBUF (Prop_ibuf_I_O)         1.482     1.482 r  clk_IBUF_inst/O
                         net (fo=1, routed)           2.025     3.506    clk_IBUF
    BUFGCTRL_X0Y16       BUFG (Prop_bufg_I_O)         0.096     3.602 r  clk_IBUF_BUFG_inst/O
                         net (fo=28, routed)          1.720     5.323    U_CTRL/FF_S0/CLK
    SLICE_X0Y86          FDPE                                         r  U_CTRL/FF_S0/Q_reg/C
  -------------------------------------------------------------------    -------------------
    SLICE_X0Y86          FDPE (Prop_fdpe_C_Q)         0.419     5.742 r  U_CTRL/FF_S0/Q_reg/Q
                         net (fo=2, routed)           0.858     6.599    U_CTRL/FF_S1/Q_0
    SLICE_X1Y86          LUT3 (Prop_lut3_I1_O)        0.299     6.898 r  U_CTRL/FF_S1/Q[7]_i_1__0/O
                         net (fo=8, routed)           0.671     7.569    U_DP/U_REG_L/E[0]
    SLICE_X1Y86          FDCE                                         r  U_DP/U_REG_L/Q_reg[1]/CE
  -------------------------------------------------------------------    -------------------

                         (clock sys_clk_pin rise edge)
                                                     10.000    10.000 r  
    E3                                                0.000    10.000 r  clk (IN)
                         net (fo=0)                   0.000    10.000    clk
    E3                   IBUF (Prop_ibuf_I_O)         1.411    11.411 r  clk_IBUF_inst/O
                         net (fo=1, routed)           1.920    13.331    clk_IBUF
    BUFGCTRL_X0Y16       BUFG (Prop_bufg_I_O)         0.091    13.422 r  clk_IBUF_BUFG_inst/O
                         net (fo=28, routed)          1.600    15.023    U_DP/U_REG_L/CLK
    SLICE_X1Y86          FDCE                                         r  U_DP/U_REG_L/Q_reg[1]/C
                         clock pessimism              0.278    15.301    
                         clock uncertainty           -0.035    15.265    
    SLICE_X1Y86          FDCE (Setup_fdce_C_CE)      -0.205    15.060    U_DP/U_REG_L/Q_reg[1]
  -------------------------------------------------------------------
                         required time                         15.060    
                         arrival time                          -7.569    
  -------------------------------------------------------------------
                         slack                                  7.491    

Slack (MET) :             7.594ns  (required time - arrival time)
  Source:                 U_CTRL/FF_S0/Q_reg/C
                            (rising edge-triggered cell FDPE clocked by sys_clk_pin  {rise@0.000ns fall@5.000ns period=10.000ns})
  Destination:            U_DP/U_REG_R/Q_reg[0]/CE
                            (rising edge-triggered cell FDCE clocked by sys_clk_pin  {rise@0.000ns fall@5.000ns period=10.000ns})
  Path Group:             sys_clk_pin
  Path Type:              Setup (Max at Slow Process Corner)
  Requirement:            10.000ns  (sys_clk_pin rise@10.000ns - sys_clk_pin rise@0.000ns)
  Data Path Delay:        1.938ns  (logic 0.746ns (38.489%)  route 1.192ns (61.511%))
  Logic Levels:           1  (LUT3=1)
  Clock Path Skew:        -0.025ns (DCD - SCD + CPR)
    Destination Clock Delay (DCD):    5.023ns = ( 15.023 - 10.000 ) 
    Source Clock Delay      (SCD):    5.323ns
    Clock Pessimism Removal (CPR):    0.275ns
  Clock Uncertainty:      0.035ns  ((TSJ^2 + TIJ^2)^1/2 + DJ) / 2 + PE
    Total System Jitter     (TSJ):    0.071ns
    Total Input Jitter      (TIJ):    0.000ns
    Discrete Jitter          (DJ):    0.000ns
    Phase Error              (PE):    0.000ns

    Location             Delay type                Incr(ns)  Path(ns)    Netlist Resource(s)
  -------------------------------------------------------------------    -------------------
                         (clock sys_clk_pin rise edge)
                                                      0.000     0.000 r  
    E3                                                0.000     0.000 r  clk (IN)
                         net (fo=0)                   0.000     0.000    clk
    E3                   IBUF (Prop_ibuf_I_O)         1.482     1.482 r  clk_IBUF_inst/O
                         net (fo=1, routed)           2.025     3.506    clk_IBUF
    BUFGCTRL_X0Y16       BUFG (Prop_bufg_I_O)         0.096     3.602 r  clk_IBUF_BUFG_inst/O
                         net (fo=28, routed)          1.720     5.323    U_CTRL/FF_S0/CLK
    SLICE_X0Y86          FDPE                                         r  U_CTRL/FF_S0/Q_reg/C
  -------------------------------------------------------------------    -------------------
    SLICE_X0Y86          FDPE (Prop_fdpe_C_Q)         0.419     5.742 r  U_CTRL/FF_S0/Q_reg/Q
                         net (fo=2, routed)           0.858     6.599    U_CTRL/FF_S1/Q_0
    SLICE_X1Y86          LUT3 (Prop_lut3_I1_O)        0.327     6.926 r  U_CTRL/FF_S1/Q[7]_i_1/O
                         net (fo=8, routed)           0.335     7.261    U_DP/U_REG_R/Q_reg[0]_0[0]
    SLICE_X0Y85          FDCE                                         r  U_DP/U_REG_R/Q_reg[0]/CE
  -------------------------------------------------------------------    -------------------

                         (clock sys_clk_pin rise edge)
                                                     10.000    10.000 r  
    E3                                                0.000    10.000 r  clk (IN)
                         net (fo=0)                   0.000    10.000    clk
    E3                   IBUF (Prop_ibuf_I_O)         1.411    11.411 r  clk_IBUF_inst/O
                         net (fo=1, routed)           1.920    13.331    clk_IBUF
    BUFGCTRL_X0Y16       BUFG (Prop_bufg_I_O)         0.091    13.422 r  clk_IBUF_BUFG_inst/O
                         net (fo=28, routed)          1.600    15.023    U_DP/U_REG_R/CLK
    SLICE_X0Y85          FDCE                                         r  U_DP/U_REG_R/Q_reg[0]/C
                         clock pessimism              0.275    15.298    
                         clock uncertainty           -0.035    15.262    
    SLICE_X0Y85          FDCE (Setup_fdce_C_CE)      -0.407    14.855    U_DP/U_REG_R/Q_reg[0]
  -------------------------------------------------------------------
                         required time                         14.855    
                         arrival time                          -7.261    
  -------------------------------------------------------------------
                         slack                                  7.594    

Slack (MET) :             7.594ns  (required time - arrival time)
  Source:                 U_CTRL/FF_S0/Q_reg/C
                            (rising edge-triggered cell FDPE clocked by sys_clk_pin  {rise@0.000ns fall@5.000ns period=10.000ns})
  Destination:            U_DP/U_REG_R/Q_reg[1]/CE
                            (rising edge-triggered cell FDCE clocked by sys_clk_pin  {rise@0.000ns fall@5.000ns period=10.000ns})
  Path Group:             sys_clk_pin
  Path Type:              Setup (Max at Slow Process Corner)
  Requirement:            10.000ns  (sys_clk_pin rise@10.000ns - sys_clk_pin rise@0.000ns)
  Data Path Delay:        1.938ns  (logic 0.746ns (38.489%)  route 1.192ns (61.511%))
  Logic Levels:           1  (LUT3=1)
  Clock Path Skew:        -0.025ns (DCD - SCD + CPR)
    Destination Clock Delay (DCD):    5.023ns = ( 15.023 - 10.000 ) 
    Source Clock Delay      (SCD):    5.323ns
    Clock Pessimism Removal (CPR):    0.275ns
  Clock Uncertainty:      0.035ns  ((TSJ^2 + TIJ^2)^1/2 + DJ) / 2 + PE
    Total System Jitter     (TSJ):    0.071ns
    Total Input Jitter      (TIJ):    0.000ns
    Discrete Jitter          (DJ):    0.000ns
    Phase Error              (PE):    0.000ns

    Location             Delay type                Incr(ns)  Path(ns)    Netlist Resource(s)
  -------------------------------------------------------------------    -------------------
                         (clock sys_clk_pin rise edge)
                                                      0.000     0.000 r  
    E3                                                0.000     0.000 r  clk (IN)
                         net (fo=0)                   0.000     0.000    clk
    E3                   IBUF (Prop_ibuf_I_O)         1.482     1.482 r  clk_IBUF_inst/O
                         net (fo=1, routed)           2.025     3.506    clk_IBUF
    BUFGCTRL_X0Y16       BUFG (Prop_bufg_I_O)         0.096     3.602 r  clk_IBUF_BUFG_inst/O
                         net (fo=28, routed)          1.720     5.323    U_CTRL/FF_S0/CLK
    SLICE_X0Y86          FDPE                                         r  U_CTRL/FF_S0/Q_reg/C
  -------------------------------------------------------------------    -------------------
    SLICE_X0Y86          FDPE (Prop_fdpe_C_Q)         0.419     5.742 r  U_CTRL/FF_S0/Q_reg/Q
                         net (fo=2, routed)           0.858     6.599    U_CTRL/FF_S1/Q_0
    SLICE_X1Y86          LUT3 (Prop_lut3_I1_O)        0.327     6.926 r  U_CTRL/FF_S1/Q[7]_i_1/O
                         net (fo=8, routed)           0.335     7.261    U_DP/U_REG_R/Q_reg[0]_0[0]
    SLICE_X0Y85          FDCE                                         r  U_DP/U_REG_R/Q_reg[1]/CE
  -------------------------------------------------------------------    -------------------

                         (clock sys_clk_pin rise edge)
                                                     10.000    10.000 r  
    E3                                                0.000    10.000 r  clk (IN)
                         net (fo=0)                   0.000    10.000    clk
    E3                   IBUF (Prop_ibuf_I_O)         1.411    11.411 r  clk_IBUF_inst/O
                         net (fo=1, routed)           1.920    13.331    clk_IBUF
    BUFGCTRL_X0Y16       BUFG (Prop_bufg_I_O)         0.091    13.422 r  clk_IBUF_BUFG_inst/O
                         net (fo=28, routed)          1.600    15.023    U_DP/U_REG_R/CLK
    SLICE_X0Y85          FDCE                                         r  U_DP/U_REG_R/Q_reg[1]/C
                         clock pessimism              0.275    15.298    
                         clock uncertainty           -0.035    15.262    
    SLICE_X0Y85          FDCE (Setup_fdce_C_CE)      -0.407    14.855    U_DP/U_REG_R/Q_reg[1]
  -------------------------------------------------------------------
                         required time                         14.855    
                         arrival time                          -7.261    
  -------------------------------------------------------------------
                         slack                                  7.594    

Slack (MET) :             7.594ns  (required time - arrival time)
  Source:                 U_CTRL/FF_S0/Q_reg/C
                            (rising edge-triggered cell FDPE clocked by sys_clk_pin  {rise@0.000ns fall@5.000ns period=10.000ns})
  Destination:            U_DP/U_REG_R/Q_reg[2]/CE
                            (rising edge-triggered cell FDCE clocked by sys_clk_pin  {rise@0.000ns fall@5.000ns period=10.000ns})
  Path Group:             sys_clk_pin
  Path Type:              Setup (Max at Slow Process Corner)
  Requirement:            10.000ns  (sys_clk_pin rise@10.000ns - sys_clk_pin rise@0.000ns)
  Data Path Delay:        1.938ns  (logic 0.746ns (38.489%)  route 1.192ns (61.511%))
  Logic Levels:           1  (LUT3=1)
  Clock Path Skew:        -0.025ns (DCD - SCD + CPR)
    Destination Clock Delay (DCD):    5.023ns = ( 15.023 - 10.000 ) 
    Source Clock Delay      (SCD):    5.323ns
    Clock Pessimism Removal (CPR):    0.275ns
  Clock Uncertainty:      0.035ns  ((TSJ^2 + TIJ^2)^1/2 + DJ) / 2 + PE
    Total System Jitter     (TSJ):    0.071ns
    Total Input Jitter      (TIJ):    0.000ns
    Discrete Jitter          (DJ):    0.000ns
    Phase Error              (PE):    0.000ns

    Location             Delay type                Incr(ns)  Path(ns)    Netlist Resource(s)
  -------------------------------------------------------------------    -------------------
                         (clock sys_clk_pin rise edge)
                                                      0.000     0.000 r  
    E3                                                0.000     0.000 r  clk (IN)
                         net (fo=0)                   0.000     0.000    clk
    E3                   IBUF (Prop_ibuf_I_O)         1.482     1.482 r  clk_IBUF_inst/O
                         net (fo=1, routed)           2.025     3.506    clk_IBUF
    BUFGCTRL_X0Y16       BUFG (Prop_bufg_I_O)         0.096     3.602 r  clk_IBUF_BUFG_inst/O
                         net (fo=28, routed)          1.720     5.323    U_CTRL/FF_S0/CLK
    SLICE_X0Y86          FDPE                                         r  U_CTRL/FF_S0/Q_reg/C
  -------------------------------------------------------------------    -------------------
    SLICE_X0Y86          FDPE (Prop_fdpe_C_Q)         0.419     5.742 r  U_CTRL/FF_S0/Q_reg/Q
                         net (fo=2, routed)           0.858     6.599    U_CTRL/FF_S1/Q_0
    SLICE_X1Y86          LUT3 (Prop_lut3_I1_O)        0.327     6.926 r  U_CTRL/FF_S1/Q[7]_i_1/O
                         net (fo=8, routed)           0.335     7.261    U_DP/U_REG_R/Q_reg[0]_0[0]
    SLICE_X0Y85          FDCE                                         r  U_DP/U_REG_R/Q_reg[2]/CE
  -------------------------------------------------------------------    -------------------

                         (clock sys_clk_pin rise edge)
                                                     10.000    10.000 r  
    E3                                                0.000    10.000 r  clk (IN)
                         net (fo=0)                   0.000    10.000    clk
    E3                   IBUF (Prop_ibuf_I_O)         1.411    11.411 r  clk_IBUF_inst/O
                         net (fo=1, routed)           1.920    13.331    clk_IBUF
    BUFGCTRL_X0Y16       BUFG (Prop_bufg_I_O)         0.091    13.422 r  clk_IBUF_BUFG_inst/O
                         net (fo=28, routed)          1.600    15.023    U_DP/U_REG_R/CLK
    SLICE_X0Y85          FDCE                                         r  U_DP/U_REG_R/Q_reg[2]/C
                         clock pessimism              0.275    15.298    
                         clock uncertainty           -0.035    15.262    
    SLICE_X0Y85          FDCE (Setup_fdce_C_CE)      -0.407    14.855    U_DP/U_REG_R/Q_reg[2]
  -------------------------------------------------------------------
                         required time                         14.855    
                         arrival time                          -7.261    
  -------------------------------------------------------------------
                         slack                                  7.594    

Slack (MET) :             7.594ns  (required time - arrival time)
  Source:                 U_CTRL/FF_S0/Q_reg/C
                            (rising edge-triggered cell FDPE clocked by sys_clk_pin  {rise@0.000ns fall@5.000ns period=10.000ns})
  Destination:            U_DP/U_REG_R/Q_reg[3]/CE
                            (rising edge-triggered cell FDCE clocked by sys_clk_pin  {rise@0.000ns fall@5.000ns period=10.000ns})
  Path Group:             sys_clk_pin
  Path Type:              Setup (Max at Slow Process Corner)
  Requirement:            10.000ns  (sys_clk_pin rise@10.000ns - sys_clk_pin rise@0.000ns)
  Data Path Delay:        1.938ns  (logic 0.746ns (38.489%)  route 1.192ns (61.511%))
  Logic Levels:           1  (LUT3=1)
  Clock Path Skew:        -0.025ns (DCD - SCD + CPR)
    Destination Clock Delay (DCD):    5.023ns = ( 15.023 - 10.000 ) 
    Source Clock Delay      (SCD):    5.323ns
    Clock Pessimism Removal (CPR):    0.275ns
  Clock Uncertainty:      0.035ns  ((TSJ^2 + TIJ^2)^1/2 + DJ) / 2 + PE
    Total System Jitter     (TSJ):    0.071ns
    Total Input Jitter      (TIJ):    0.000ns
    Discrete Jitter          (DJ):    0.000ns
    Phase Error              (PE):    0.000ns

    Location             Delay type                Incr(ns)  Path(ns)    Netlist Resource(s)
  -------------------------------------------------------------------    -------------------
                         (clock sys_clk_pin rise edge)
                                                      0.000     0.000 r  
    E3                                                0.000     0.000 r  clk (IN)
                         net (fo=0)                   0.000     0.000    clk
    E3                   IBUF (Prop_ibuf_I_O)         1.482     1.482 r  clk_IBUF_inst/O
                         net (fo=1, routed)           2.025     3.506    clk_IBUF
    BUFGCTRL_X0Y16       BUFG (Prop_bufg_I_O)         0.096     3.602 r  clk_IBUF_BUFG_inst/O
                         net (fo=28, routed)          1.720     5.323    U_CTRL/FF_S0/CLK
    SLICE_X0Y86          FDPE                                         r  U_CTRL/FF_S0/Q_reg/C
  -------------------------------------------------------------------    -------------------
    SLICE_X0Y86          FDPE (Prop_fdpe_C_Q)         0.419     5.742 r  U_CTRL/FF_S0/Q_reg/Q
                         net (fo=2, routed)           0.858     6.599    U_CTRL/FF_S1/Q_0
    SLICE_X1Y86          LUT3 (Prop_lut3_I1_O)        0.327     6.926 r  U_CTRL/FF_S1/Q[7]_i_1/O
                         net (fo=8, routed)           0.335     7.261    U_DP/U_REG_R/Q_reg[0]_0[0]
    SLICE_X0Y85          FDCE                                         r  U_DP/U_REG_R/Q_reg[3]/CE
  -------------------------------------------------------------------    -------------------

                         (clock sys_clk_pin rise edge)
                                                     10.000    10.000 r  
    E3                                                0.000    10.000 r  clk (IN)
                         net (fo=0)                   0.000    10.000    clk
    E3                   IBUF (Prop_ibuf_I_O)         1.411    11.411 r  clk_IBUF_inst/O
                         net (fo=1, routed)           1.920    13.331    clk_IBUF
    BUFGCTRL_X0Y16       BUFG (Prop_bufg_I_O)         0.091    13.422 r  clk_IBUF_BUFG_inst/O
                         net (fo=28, routed)          1.600    15.023    U_DP/U_REG_R/CLK
    SLICE_X0Y85          FDCE                                         r  U_DP/U_REG_R/Q_reg[3]/C
                         clock pessimism              0.275    15.298    
                         clock uncertainty           -0.035    15.262    
    SLICE_X0Y85          FDCE (Setup_fdce_C_CE)      -0.407    14.855    U_DP/U_REG_R/Q_reg[3]
  -------------------------------------------------------------------
                         required time                         14.855    
                         arrival time                          -7.261    
  -------------------------------------------------------------------
                         slack                                  7.594    

Slack (MET) :             7.594ns  (required time - arrival time)
  Source:                 U_CTRL/FF_S0/Q_reg/C
                            (rising edge-triggered cell FDPE clocked by sys_clk_pin  {rise@0.000ns fall@5.000ns period=10.000ns})
  Destination:            U_DP/U_REG_R/Q_reg[4]/CE
                            (rising edge-triggered cell FDCE clocked by sys_clk_pin  {rise@0.000ns fall@5.000ns period=10.000ns})
  Path Group:             sys_clk_pin
  Path Type:              Setup (Max at Slow Process Corner)
  Requirement:            10.000ns  (sys_clk_pin rise@10.000ns - sys_clk_pin rise@0.000ns)
  Data Path Delay:        1.938ns  (logic 0.746ns (38.489%)  route 1.192ns (61.511%))
  Logic Levels:           1  (LUT3=1)
  Clock Path Skew:        -0.025ns (DCD - SCD + CPR)
    Destination Clock Delay (DCD):    5.023ns = ( 15.023 - 10.000 ) 
    Source Clock Delay      (SCD):    5.323ns
    Clock Pessimism Removal (CPR):    0.275ns
  Clock Uncertainty:      0.035ns  ((TSJ^2 + TIJ^2)^1/2 + DJ) / 2 + PE
    Total System Jitter     (TSJ):    0.071ns
    Total Input Jitter      (TIJ):    0.000ns
    Discrete Jitter          (DJ):    0.000ns
    Phase Error              (PE):    0.000ns

    Location             Delay type                Incr(ns)  Path(ns)    Netlist Resource(s)
  -------------------------------------------------------------------    -------------------
                         (clock sys_clk_pin rise edge)
                                                      0.000     0.000 r  
    E3                                                0.000     0.000 r  clk (IN)
                         net (fo=0)                   0.000     0.000    clk
    E3                   IBUF (Prop_ibuf_I_O)         1.482     1.482 r  clk_IBUF_inst/O
                         net (fo=1, routed)           2.025     3.506    clk_IBUF
    BUFGCTRL_X0Y16       BUFG (Prop_bufg_I_O)         0.096     3.602 r  clk_IBUF_BUFG_inst/O
                         net (fo=28, routed)          1.720     5.323    U_CTRL/FF_S0/CLK
    SLICE_X0Y86          FDPE                                         r  U_CTRL/FF_S0/Q_reg/C
  -------------------------------------------------------------------    -------------------
    SLICE_X0Y86          FDPE (Prop_fdpe_C_Q)         0.419     5.742 r  U_CTRL/FF_S0/Q_reg/Q
                         net (fo=2, routed)           0.858     6.599    U_CTRL/FF_S1/Q_0
    SLICE_X1Y86          LUT3 (Prop_lut3_I1_O)        0.327     6.926 r  U_CTRL/FF_S1/Q[7]_i_1/O
                         net (fo=8, routed)           0.335     7.261    U_DP/U_REG_R/Q_reg[0]_0[0]
    SLICE_X0Y85          FDCE                                         r  U_DP/U_REG_R/Q_reg[4]/CE
  -------------------------------------------------------------------    -------------------

                         (clock sys_clk_pin rise edge)
                                                     10.000    10.000 r  
    E3                                                0.000    10.000 r  clk (IN)
                         net (fo=0)                   0.000    10.000    clk
    E3                   IBUF (Prop_ibuf_I_O)         1.411    11.411 r  clk_IBUF_inst/O
                         net (fo=1, routed)           1.920    13.331    clk_IBUF
    BUFGCTRL_X0Y16       BUFG (Prop_bufg_I_O)         0.091    13.422 r  clk_IBUF_BUFG_inst/O
                         net (fo=28, routed)          1.600    15.023    U_DP/U_REG_R/CLK
    SLICE_X0Y85          FDCE                                         r  U_DP/U_REG_R/Q_reg[4]/C
                         clock pessimism              0.275    15.298    
                         clock uncertainty           -0.035    15.262    
    SLICE_X0Y85          FDCE (Setup_fdce_C_CE)      -0.407    14.855    U_DP/U_REG_R/Q_reg[4]
  -------------------------------------------------------------------
                         required time                         14.855    
                         arrival time                          -7.261    
  -------------------------------------------------------------------
                         slack                                  7.594    

Slack (MET) :             7.594ns  (required time - arrival time)
  Source:                 U_CTRL/FF_S0/Q_reg/C
                            (rising edge-triggered cell FDPE clocked by sys_clk_pin  {rise@0.000ns fall@5.000ns period=10.000ns})
  Destination:            U_DP/U_REG_R/Q_reg[5]/CE
                            (rising edge-triggered cell FDCE clocked by sys_clk_pin  {rise@0.000ns fall@5.000ns period=10.000ns})
  Path Group:             sys_clk_pin
  Path Type:              Setup (Max at Slow Process Corner)
  Requirement:            10.000ns  (sys_clk_pin rise@10.000ns - sys_clk_pin rise@0.000ns)
  Data Path Delay:        1.938ns  (logic 0.746ns (38.489%)  route 1.192ns (61.511%))
  Logic Levels:           1  (LUT3=1)
  Clock Path Skew:        -0.025ns (DCD - SCD + CPR)
    Destination Clock Delay (DCD):    5.023ns = ( 15.023 - 10.000 ) 
    Source Clock Delay      (SCD):    5.323ns
    Clock Pessimism Removal (CPR):    0.275ns
  Clock Uncertainty:      0.035ns  ((TSJ^2 + TIJ^2)^1/2 + DJ) / 2 + PE
    Total System Jitter     (TSJ):    0.071ns
    Total Input Jitter      (TIJ):    0.000ns
    Discrete Jitter          (DJ):    0.000ns
    Phase Error              (PE):    0.000ns

    Location             Delay type                Incr(ns)  Path(ns)    Netlist Resource(s)
  -------------------------------------------------------------------    -------------------
                         (clock sys_clk_pin rise edge)
                                                      0.000     0.000 r  
    E3                                                0.000     0.000 r  clk (IN)
                         net (fo=0)                   0.000     0.000    clk
    E3                   IBUF (Prop_ibuf_I_O)         1.482     1.482 r  clk_IBUF_inst/O
                         net (fo=1, routed)           2.025     3.506    clk_IBUF
    BUFGCTRL_X0Y16       BUFG (Prop_bufg_I_O)         0.096     3.602 r  clk_IBUF_BUFG_inst/O
                         net (fo=28, routed)          1.720     5.323    U_CTRL/FF_S0/CLK
    SLICE_X0Y86          FDPE                                         r  U_CTRL/FF_S0/Q_reg/C
  -------------------------------------------------------------------    -------------------
    SLICE_X0Y86          FDPE (Prop_fdpe_C_Q)         0.419     5.742 r  U_CTRL/FF_S0/Q_reg/Q
                         net (fo=2, routed)           0.858     6.599    U_CTRL/FF_S1/Q_0
    SLICE_X1Y86          LUT3 (Prop_lut3_I1_O)        0.327     6.926 r  U_CTRL/FF_S1/Q[7]_i_1/O
                         net (fo=8, routed)           0.335     7.261    U_DP/U_REG_R/Q_reg[0]_0[0]
    SLICE_X0Y85          FDCE                                         r  U_DP/U_REG_R/Q_reg[5]/CE
  -------------------------------------------------------------------    -------------------

                         (clock sys_clk_pin rise edge)
                                                     10.000    10.000 r  
    E3                                                0.000    10.000 r  clk (IN)
                         net (fo=0)                   0.000    10.000    clk
    E3                   IBUF (Prop_ibuf_I_O)         1.411    11.411 r  clk_IBUF_inst/O
                         net (fo=1, routed)           1.920    13.331    clk_IBUF
    BUFGCTRL_X0Y16       BUFG (Prop_bufg_I_O)         0.091    13.422 r  clk_IBUF_BUFG_inst/O
                         net (fo=28, routed)          1.600    15.023    U_DP/U_REG_R/CLK
    SLICE_X0Y85          FDCE                                         r  U_DP/U_REG_R/Q_reg[5]/C
                         clock pessimism              0.275    15.298    
                         clock uncertainty           -0.035    15.262    
    SLICE_X0Y85          FDCE (Setup_fdce_C_CE)      -0.407    14.855    U_DP/U_REG_R/Q_reg[5]
  -------------------------------------------------------------------
                         required time                         14.855    
                         arrival time                          -7.261    
  -------------------------------------------------------------------
                         slack                                  7.594    

Slack (MET) :             7.594ns  (required time - arrival time)
  Source:                 U_CTRL/FF_S0/Q_reg/C
                            (rising edge-triggered cell FDPE clocked by sys_clk_pin  {rise@0.000ns fall@5.000ns period=10.000ns})
  Destination:            U_DP/U_REG_R/Q_reg[6]/CE
                            (rising edge-triggered cell FDCE clocked by sys_clk_pin  {rise@0.000ns fall@5.000ns period=10.000ns})
  Path Group:             sys_clk_pin
  Path Type:              Setup (Max at Slow Process Corner)
  Requirement:            10.000ns  (sys_clk_pin rise@10.000ns - sys_clk_pin rise@0.000ns)
  Data Path Delay:        1.938ns  (logic 0.746ns (38.489%)  route 1.192ns (61.511%))
  Logic Levels:           1  (LUT3=1)
  Clock Path Skew:        -0.025ns (DCD - SCD + CPR)
    Destination Clock Delay (DCD):    5.023ns = ( 15.023 - 10.000 ) 
    Source Clock Delay      (SCD):    5.323ns
    Clock Pessimism Removal (CPR):    0.275ns
  Clock Uncertainty:      0.035ns  ((TSJ^2 + TIJ^2)^1/2 + DJ) / 2 + PE
    Total System Jitter     (TSJ):    0.071ns
    Total Input Jitter      (TIJ):    0.000ns
    Discrete Jitter          (DJ):    0.000ns
    Phase Error              (PE):    0.000ns

    Location             Delay type                Incr(ns)  Path(ns)    Netlist Resource(s)
  -------------------------------------------------------------------    -------------------
                         (clock sys_clk_pin rise edge)
                                                      0.000     0.000 r  
    E3                                                0.000     0.000 r  clk (IN)
                         net (fo=0)                   0.000     0.000    clk
    E3                   IBUF (Prop_ibuf_I_O)         1.482     1.482 r  clk_IBUF_inst/O
                         net (fo=1, routed)           2.025     3.506    clk_IBUF
    BUFGCTRL_X0Y16       BUFG (Prop_bufg_I_O)         0.096     3.602 r  clk_IBUF_BUFG_inst/O
                         net (fo=28, routed)          1.720     5.323    U_CTRL/FF_S0/CLK
    SLICE_X0Y86          FDPE                                         r  U_CTRL/FF_S0/Q_reg/C
  -------------------------------------------------------------------    -------------------
    SLICE_X0Y86          FDPE (Prop_fdpe_C_Q)         0.419     5.742 r  U_CTRL/FF_S0/Q_reg/Q
                         net (fo=2, routed)           0.858     6.599    U_CTRL/FF_S1/Q_0
    SLICE_X1Y86          LUT3 (Prop_lut3_I1_O)        0.327     6.926 r  U_CTRL/FF_S1/Q[7]_i_1/O
                         net (fo=8, routed)           0.335     7.261    U_DP/U_REG_R/Q_reg[0]_0[0]
    SLICE_X0Y85          FDCE                                         r  U_DP/U_REG_R/Q_reg[6]/CE
  -------------------------------------------------------------------    -------------------

                         (clock sys_clk_pin rise edge)
                                                     10.000    10.000 r  
    E3                                                0.000    10.000 r  clk (IN)
                         net (fo=0)                   0.000    10.000    clk
    E3                   IBUF (Prop_ibuf_I_O)         1.411    11.411 r  clk_IBUF_inst/O
                         net (fo=1, routed)           1.920    13.331    clk_IBUF
    BUFGCTRL_X0Y16       BUFG (Prop_bufg_I_O)         0.091    13.422 r  clk_IBUF_BUFG_inst/O
                         net (fo=28, routed)          1.600    15.023    U_DP/U_REG_R/CLK
    SLICE_X0Y85          FDCE                                         r  U_DP/U_REG_R/Q_reg[6]/C
                         clock pessimism              0.275    15.298    
                         clock uncertainty           -0.035    15.262    
    SLICE_X0Y85          FDCE (Setup_fdce_C_CE)      -0.407    14.855    U_DP/U_REG_R/Q_reg[6]
  -------------------------------------------------------------------
                         required time                         14.855    
                         arrival time                          -7.261    
  -------------------------------------------------------------------
                         slack                                  7.594    

Slack (MET) :             7.594ns  (required time - arrival time)
  Source:                 U_CTRL/FF_S0/Q_reg/C
                            (rising edge-triggered cell FDPE clocked by sys_clk_pin  {rise@0.000ns fall@5.000ns period=10.000ns})
  Destination:            U_DP/U_REG_R/Q_reg[7]/CE
                            (rising edge-triggered cell FDCE clocked by sys_clk_pin  {rise@0.000ns fall@5.000ns period=10.000ns})
  Path Group:             sys_clk_pin
  Path Type:              Setup (Max at Slow Process Corner)
  Requirement:            10.000ns  (sys_clk_pin rise@10.000ns - sys_clk_pin rise@0.000ns)
  Data Path Delay:        1.938ns  (logic 0.746ns (38.489%)  route 1.192ns (61.511%))
  Logic Levels:           1  (LUT3=1)
  Clock Path Skew:        -0.025ns (DCD - SCD + CPR)
    Destination Clock Delay (DCD):    5.023ns = ( 15.023 - 10.000 ) 
    Source Clock Delay      (SCD):    5.323ns
    Clock Pessimism Removal (CPR):    0.275ns
  Clock Uncertainty:      0.035ns  ((TSJ^2 + TIJ^2)^1/2 + DJ) / 2 + PE
    Total System Jitter     (TSJ):    0.071ns
    Total Input Jitter      (TIJ):    0.000ns
    Discrete Jitter          (DJ):    0.000ns
    Phase Error              (PE):    0.000ns

    Location             Delay type                Incr(ns)  Path(ns)    Netlist Resource(s)
  -------------------------------------------------------------------    -------------------
                         (clock sys_clk_pin rise edge)
                                                      0.000     0.000 r  
    E3                                                0.000     0.000 r  clk (IN)
                         net (fo=0)                   0.000     0.000    clk
    E3                   IBUF (Prop_ibuf_I_O)         1.482     1.482 r  clk_IBUF_inst/O
                         net (fo=1, routed)           2.025     3.506    clk_IBUF
    BUFGCTRL_X0Y16       BUFG (Prop_bufg_I_O)         0.096     3.602 r  clk_IBUF_BUFG_inst/O
                         net (fo=28, routed)          1.720     5.323    U_CTRL/FF_S0/CLK
    SLICE_X0Y86          FDPE                                         r  U_CTRL/FF_S0/Q_reg/C
  -------------------------------------------------------------------    -------------------
    SLICE_X0Y86          FDPE (Prop_fdpe_C_Q)         0.419     5.742 r  U_CTRL/FF_S0/Q_reg/Q
                         net (fo=2, routed)           0.858     6.599    U_CTRL/FF_S1/Q_0
    SLICE_X1Y86          LUT3 (Prop_lut3_I1_O)        0.327     6.926 r  U_CTRL/FF_S1/Q[7]_i_1/O
                         net (fo=8, routed)           0.335     7.261    U_DP/U_REG_R/Q_reg[0]_0[0]
    SLICE_X0Y85          FDCE                                         r  U_DP/U_REG_R/Q_reg[7]/CE
  -------------------------------------------------------------------    -------------------

                         (clock sys_clk_pin rise edge)
                                                     10.000    10.000 r  
    E3                                                0.000    10.000 r  clk (IN)
                         net (fo=0)                   0.000    10.000    clk
    E3                   IBUF (Prop_ibuf_I_O)         1.411    11.411 r  clk_IBUF_inst/O
                         net (fo=1, routed)           1.920    13.331    clk_IBUF
    BUFGCTRL_X0Y16       BUFG (Prop_bufg_I_O)         0.091    13.422 r  clk_IBUF_BUFG_inst/O
                         net (fo=28, routed)          1.600    15.023    U_DP/U_REG_R/CLK
    SLICE_X0Y85          FDCE                                         r  U_DP/U_REG_R/Q_reg[7]/C
                         clock pessimism              0.275    15.298    
                         clock uncertainty           -0.035    15.262    
    SLICE_X0Y85          FDCE (Setup_fdce_C_CE)      -0.407    14.855    U_DP/U_REG_R/Q_reg[7]
  -------------------------------------------------------------------
                         required time                         14.855    
                         arrival time                          -7.261    
  -------------------------------------------------------------------
                         slack                                  7.594    





Min Delay Paths
--------------------------------------------------------------------------------------
Slack (MET) :             0.152ns  (arrival time - required time)
  Source:                 U_DP/U_REG_L/Q_reg[0]/C
                            (rising edge-triggered cell FDCE clocked by sys_clk_pin  {rise@0.000ns fall@5.000ns period=10.000ns})
  Destination:            U_DP/U_REG_DIS/Q_reg[0]/D
                            (rising edge-triggered cell FDCE clocked by sys_clk_pin  {rise@0.000ns fall@5.000ns period=10.000ns})
  Path Group:             sys_clk_pin
  Path Type:              Hold (Min at Fast Process Corner)
  Requirement:            0.000ns  (sys_clk_pin rise@0.000ns - sys_clk_pin rise@0.000ns)
  Data Path Delay:        0.257ns  (logic 0.186ns (72.490%)  route 0.071ns (27.510%))
  Logic Levels:           1  (LUT5=1)
  Clock Path Skew:        0.013ns (DCD - SCD - CPR)
    Destination Clock Delay (DCD):    2.037ns
    Source Clock Delay      (SCD):    1.519ns
    Clock Pessimism Removal (CPR):    0.504ns

    Location             Delay type                Incr(ns)  Path(ns)    Netlist Resource(s)
  -------------------------------------------------------------------    -------------------
                         (clock sys_clk_pin rise edge)
                                                      0.000     0.000 r  
    E3                                                0.000     0.000 r  clk (IN)
                         net (fo=0)                   0.000     0.000    clk
    E3                   IBUF (Prop_ibuf_I_O)         0.250     0.250 r  clk_IBUF_inst/O
                         net (fo=1, routed)           0.644     0.894    clk_IBUF
    BUFGCTRL_X0Y16       BUFG (Prop_bufg_I_O)         0.026     0.920 r  clk_IBUF_BUFG_inst/O
                         net (fo=28, routed)          0.600     1.519    U_DP/U_REG_L/CLK
    SLICE_X1Y86          FDCE                                         r  U_DP/U_REG_L/Q_reg[0]/C
  -------------------------------------------------------------------    -------------------
    SLICE_X1Y86          FDCE (Prop_fdce_C_Q)         0.141     1.660 r  U_DP/U_REG_L/Q_reg[0]/Q
                         net (fo=2, routed)           0.071     1.731    U_DP/U_MUX_DIS/Q[0]
    SLICE_X0Y86          LUT5 (Prop_lut5_I0_O)        0.045     1.776 r  U_DP/U_MUX_DIS/Q[0]_i_1/O
                         net (fo=1, routed)           0.000     1.776    U_DP/U_REG_DIS/D[0]
    SLICE_X0Y86          FDCE                                         r  U_DP/U_REG_DIS/Q_reg[0]/D
  -------------------------------------------------------------------    -------------------

                         (clock sys_clk_pin rise edge)
                                                      0.000     0.000 r  
    E3                                                0.000     0.000 r  clk (IN)
                         net (fo=0)                   0.000     0.000    clk
    E3                   IBUF (Prop_ibuf_I_O)         0.438     0.438 r  clk_IBUF_inst/O
                         net (fo=1, routed)           0.699     1.136    clk_IBUF
    BUFGCTRL_X0Y16       BUFG (Prop_bufg_I_O)         0.029     1.165 r  clk_IBUF_BUFG_inst/O
                         net (fo=28, routed)          0.872     2.037    U_DP/U_REG_DIS/CLK
    SLICE_X0Y86          FDCE                                         r  U_DP/U_REG_DIS/Q_reg[0]/C
                         clock pessimism             -0.504     1.532    
    SLICE_X0Y86          FDCE (Hold_fdce_C_D)         0.092     1.624    U_DP/U_REG_DIS/Q_reg[0]
  -------------------------------------------------------------------
                         required time                         -1.624    
                         arrival time                           1.776    
  -------------------------------------------------------------------
                         slack                                  0.152    

Slack (MET) :             0.192ns  (arrival time - required time)
  Source:                 U_CTRL/FF_S1/Q_reg/C
                            (rising edge-triggered cell FDCE clocked by sys_clk_pin  {rise@0.000ns fall@5.000ns period=10.000ns})
  Destination:            U_DP/U_REG_L/Q_reg[1]/D
                            (rising edge-triggered cell FDCE clocked by sys_clk_pin  {rise@0.000ns fall@5.000ns period=10.000ns})
  Path Group:             sys_clk_pin
  Path Type:              Hold (Min at Fast Process Corner)
  Requirement:            0.000ns  (sys_clk_pin rise@0.000ns - sys_clk_pin rise@0.000ns)
  Data Path Delay:        0.312ns  (logic 0.190ns (60.887%)  route 0.122ns (39.113%))
  Logic Levels:           1  (LUT3=1)
  Clock Path Skew:        0.013ns (DCD - SCD - CPR)
    Destination Clock Delay (DCD):    2.037ns
    Source Clock Delay      (SCD):    1.519ns
    Clock Pessimism Removal (CPR):    0.504ns

    Location             Delay type                Incr(ns)  Path(ns)    Netlist Resource(s)
  -------------------------------------------------------------------    -------------------
                         (clock sys_clk_pin rise edge)
                                                      0.000     0.000 r  
    E3                                                0.000     0.000 r  clk (IN)
                         net (fo=0)                   0.000     0.000    clk
    E3                   IBUF (Prop_ibuf_I_O)         0.250     0.250 r  clk_IBUF_inst/O
                         net (fo=1, routed)           0.644     0.894    clk_IBUF
    BUFGCTRL_X0Y16       BUFG (Prop_bufg_I_O)         0.026     0.920 r  clk_IBUF_BUFG_inst/O
                         net (fo=28, routed)          0.600     1.519    U_CTRL/FF_S1/CLK
    SLICE_X0Y86          FDCE                                         r  U_CTRL/FF_S1/Q_reg/C
  -------------------------------------------------------------------    -------------------
    SLICE_X0Y86          FDCE (Prop_fdce_C_Q)         0.141     1.660 r  U_CTRL/FF_S1/Q_reg/Q
                         net (fo=26, routed)          0.122     1.782    U_DP/U_MUX_L/S1
    SLICE_X1Y86          LUT3 (Prop_lut3_I1_O)        0.049     1.831 r  U_DP/U_MUX_L/Q[1]_i_1/O
                         net (fo=1, routed)           0.000     1.831    U_DP/U_REG_L/D[1]
    SLICE_X1Y86          FDCE                                         r  U_DP/U_REG_L/Q_reg[1]/D
  -------------------------------------------------------------------    -------------------

                         (clock sys_clk_pin rise edge)
                                                      0.000     0.000 r  
    E3                                                0.000     0.000 r  clk (IN)
                         net (fo=0)                   0.000     0.000    clk
    E3                   IBUF (Prop_ibuf_I_O)         0.438     0.438 r  clk_IBUF_inst/O
                         net (fo=1, routed)           0.699     1.136    clk_IBUF
    BUFGCTRL_X0Y16       BUFG (Prop_bufg_I_O)         0.029     1.165 r  clk_IBUF_BUFG_inst/O
                         net (fo=28, routed)          0.872     2.037    U_DP/U_REG_L/CLK
    SLICE_X1Y86          FDCE                                         r  U_DP/U_REG_L/Q_reg[1]/C
                         clock pessimism             -0.504     1.532    
    SLICE_X1Y86          FDCE (Hold_fdce_C_D)         0.107     1.639    U_DP/U_REG_L/Q_reg[1]
  -------------------------------------------------------------------
                         required time                         -1.639    
                         arrival time                           1.831    
  -------------------------------------------------------------------
                         slack                                  0.192    

Slack (MET) :             0.195ns  (arrival time - required time)
  Source:                 U_DP/U_REG_L/Q_reg[4]/C
                            (rising edge-triggered cell FDCE clocked by sys_clk_pin  {rise@0.000ns fall@5.000ns period=10.000ns})
  Destination:            U_DP/U_REG_DIS/Q_reg[4]/D
                            (rising edge-triggered cell FDCE clocked by sys_clk_pin  {rise@0.000ns fall@5.000ns period=10.000ns})
  Path Group:             sys_clk_pin
  Path Type:              Hold (Min at Fast Process Corner)
  Requirement:            0.000ns  (sys_clk_pin rise@0.000ns - sys_clk_pin rise@0.000ns)
  Data Path Delay:        0.302ns  (logic 0.186ns (61.533%)  route 0.116ns (38.467%))
  Logic Levels:           1  (LUT5=1)
  Clock Path Skew:        0.015ns (DCD - SCD - CPR)
    Destination Clock Delay (DCD):    2.037ns
    Source Clock Delay      (SCD):    1.519ns
    Clock Pessimism Removal (CPR):    0.502ns

    Location             Delay type                Incr(ns)  Path(ns)    Netlist Resource(s)
  -------------------------------------------------------------------    -------------------
                         (clock sys_clk_pin rise edge)
                                                      0.000     0.000 r  
    E3                                                0.000     0.000 r  clk (IN)
                         net (fo=0)                   0.000     0.000    clk
    E3                   IBUF (Prop_ibuf_I_O)         0.250     0.250 r  clk_IBUF_inst/O
                         net (fo=1, routed)           0.644     0.894    clk_IBUF
    BUFGCTRL_X0Y16       BUFG (Prop_bufg_I_O)         0.026     0.920 r  clk_IBUF_BUFG_inst/O
                         net (fo=28, routed)          0.600     1.519    U_DP/U_REG_L/CLK
    SLICE_X1Y84          FDCE                                         r  U_DP/U_REG_L/Q_reg[4]/C
  -------------------------------------------------------------------    -------------------
    SLICE_X1Y84          FDCE (Prop_fdce_C_Q)         0.141     1.660 r  U_DP/U_REG_L/Q_reg[4]/Q
                         net (fo=2, routed)           0.116     1.777    U_DP/U_MUX_DIS/Q[4]
    SLICE_X1Y85          LUT5 (Prop_lut5_I0_O)        0.045     1.822 r  U_DP/U_MUX_DIS/Q[4]_i_1/O
                         net (fo=1, routed)           0.000     1.822    U_DP/U_REG_DIS/D[4]
    SLICE_X1Y85          FDCE                                         r  U_DP/U_REG_DIS/Q_reg[4]/D
  -------------------------------------------------------------------    -------------------

                         (clock sys_clk_pin rise edge)
                                                      0.000     0.000 r  
    E3                                                0.000     0.000 r  clk (IN)
                         net (fo=0)                   0.000     0.000    clk
    E3                   IBUF (Prop_ibuf_I_O)         0.438     0.438 r  clk_IBUF_inst/O
                         net (fo=1, routed)           0.699     1.136    clk_IBUF
    BUFGCTRL_X0Y16       BUFG (Prop_bufg_I_O)         0.029     1.165 r  clk_IBUF_BUFG_inst/O
                         net (fo=28, routed)          0.872     2.037    U_DP/U_REG_DIS/CLK
    SLICE_X1Y85          FDCE                                         r  U_DP/U_REG_DIS/Q_reg[4]/C
                         clock pessimism             -0.502     1.534    
    SLICE_X1Y85          FDCE (Hold_fdce_C_D)         0.092     1.626    U_DP/U_REG_DIS/Q_reg[4]
  -------------------------------------------------------------------
                         required time                         -1.626    
                         arrival time                           1.822    
  -------------------------------------------------------------------
                         slack                                  0.195    

Slack (MET) :             0.203ns  (arrival time - required time)
  Source:                 U_CTRL/FF_S1/Q_reg/C
                            (rising edge-triggered cell FDCE clocked by sys_clk_pin  {rise@0.000ns fall@5.000ns period=10.000ns})
  Destination:            U_DP/U_REG_L/Q_reg[0]/D
                            (rising edge-triggered cell FDCE clocked by sys_clk_pin  {rise@0.000ns fall@5.000ns period=10.000ns})
  Path Group:             sys_clk_pin
  Path Type:              Hold (Min at Fast Process Corner)
  Requirement:            0.000ns  (sys_clk_pin rise@0.000ns - sys_clk_pin rise@0.000ns)
  Data Path Delay:        0.308ns  (logic 0.186ns (60.379%)  route 0.122ns (39.621%))
  Logic Levels:           1  (LUT2=1)
  Clock Path Skew:        0.013ns (DCD - SCD - CPR)
    Destination Clock Delay (DCD):    2.037ns
    Source Clock Delay      (SCD):    1.519ns
    Clock Pessimism Removal (CPR):    0.504ns

    Location             Delay type                Incr(ns)  Path(ns)    Netlist Resource(s)
  -------------------------------------------------------------------    -------------------
                         (clock sys_clk_pin rise edge)
                                                      0.000     0.000 r  
    E3                                                0.000     0.000 r  clk (IN)
                         net (fo=0)                   0.000     0.000    clk
    E3                   IBUF (Prop_ibuf_I_O)         0.250     0.250 r  clk_IBUF_inst/O
                         net (fo=1, routed)           0.644     0.894    clk_IBUF
    BUFGCTRL_X0Y16       BUFG (Prop_bufg_I_O)         0.026     0.920 r  clk_IBUF_BUFG_inst/O
                         net (fo=28, routed)          0.600     1.519    U_CTRL/FF_S1/CLK
    SLICE_X0Y86          FDCE                                         r  U_CTRL/FF_S1/Q_reg/C
  -------------------------------------------------------------------    -------------------
    SLICE_X0Y86          FDCE (Prop_fdce_C_Q)         0.141     1.660 f  U_CTRL/FF_S1/Q_reg/Q
                         net (fo=26, routed)          0.122     1.782    U_DP/U_MUX_L/S1
    SLICE_X1Y86          LUT2 (Prop_lut2_I1_O)        0.045     1.827 r  U_DP/U_MUX_L/Q[0]_i_1/O
                         net (fo=1, routed)           0.000     1.827    U_DP/U_REG_L/D[0]
    SLICE_X1Y86          FDCE                                         r  U_DP/U_REG_L/Q_reg[0]/D
  -------------------------------------------------------------------    -------------------

                         (clock sys_clk_pin rise edge)
                                                      0.000     0.000 r  
    E3                                                0.000     0.000 r  clk (IN)
                         net (fo=0)                   0.000     0.000    clk
    E3                   IBUF (Prop_ibuf_I_O)         0.438     0.438 r  clk_IBUF_inst/O
                         net (fo=1, routed)           0.699     1.136    clk_IBUF
    BUFGCTRL_X0Y16       BUFG (Prop_bufg_I_O)         0.029     1.165 r  clk_IBUF_BUFG_inst/O
                         net (fo=28, routed)          0.872     2.037    U_DP/U_REG_L/CLK
    SLICE_X1Y86          FDCE                                         r  U_DP/U_REG_L/Q_reg[0]/C
                         clock pessimism             -0.504     1.532    
    SLICE_X1Y86          FDCE (Hold_fdce_C_D)         0.092     1.624    U_DP/U_REG_L/Q_reg[0]
  -------------------------------------------------------------------
                         required time                         -1.624    
                         arrival time                           1.827    
  -------------------------------------------------------------------
                         slack                                  0.203    

Slack (MET) :             0.229ns  (arrival time - required time)
  Source:                 U_DP/U_REG_R/Q_reg[2]/C
                            (rising edge-triggered cell FDCE clocked by sys_clk_pin  {rise@0.000ns fall@5.000ns period=10.000ns})
  Destination:            U_DP/U_REG_DIS/Q_reg[2]/D
                            (rising edge-triggered cell FDCE clocked by sys_clk_pin  {rise@0.000ns fall@5.000ns period=10.000ns})
  Path Group:             sys_clk_pin
  Path Type:              Hold (Min at Fast Process Corner)
  Requirement:            0.000ns  (sys_clk_pin rise@0.000ns - sys_clk_pin rise@0.000ns)
  Data Path Delay:        0.334ns  (logic 0.186ns (55.683%)  route 0.148ns (44.317%))
  Logic Levels:           1  (LUT5=1)
  Clock Path Skew:        0.013ns (DCD - SCD - CPR)
    Destination Clock Delay (DCD):    2.037ns
    Source Clock Delay      (SCD):    1.519ns
    Clock Pessimism Removal (CPR):    0.504ns

    Location             Delay type                Incr(ns)  Path(ns)    Netlist Resource(s)
  -------------------------------------------------------------------    -------------------
                         (clock sys_clk_pin rise edge)
                                                      0.000     0.000 r  
    E3                                                0.000     0.000 r  clk (IN)
                         net (fo=0)                   0.000     0.000    clk
    E3                   IBUF (Prop_ibuf_I_O)         0.250     0.250 r  clk_IBUF_inst/O
                         net (fo=1, routed)           0.644     0.894    clk_IBUF
    BUFGCTRL_X0Y16       BUFG (Prop_bufg_I_O)         0.026     0.920 r  clk_IBUF_BUFG_inst/O
                         net (fo=28, routed)          0.600     1.519    U_DP/U_REG_R/CLK
    SLICE_X0Y85          FDCE                                         r  U_DP/U_REG_R/Q_reg[2]/C
  -------------------------------------------------------------------    -------------------
    SLICE_X0Y85          FDCE (Prop_fdce_C_Q)         0.141     1.660 r  U_DP/U_REG_R/Q_reg[2]/Q
                         net (fo=2, routed)           0.148     1.808    U_DP/U_MUX_DIS/Q_reg[7][2]
    SLICE_X1Y85          LUT5 (Prop_lut5_I4_O)        0.045     1.853 r  U_DP/U_MUX_DIS/Q[2]_i_1/O
                         net (fo=1, routed)           0.000     1.853    U_DP/U_REG_DIS/D[2]
    SLICE_X1Y85          FDCE                                         r  U_DP/U_REG_DIS/Q_reg[2]/D
  -------------------------------------------------------------------    -------------------

                         (clock sys_clk_pin rise edge)
                                                      0.000     0.000 r  
    E3                                                0.000     0.000 r  clk (IN)
                         net (fo=0)                   0.000     0.000    clk
    E3                   IBUF (Prop_ibuf_I_O)         0.438     0.438 r  clk_IBUF_inst/O
                         net (fo=1, routed)           0.699     1.136    clk_IBUF
    BUFGCTRL_X0Y16       BUFG (Prop_bufg_I_O)         0.029     1.165 r  clk_IBUF_BUFG_inst/O
                         net (fo=28, routed)          0.872     2.037    U_DP/U_REG_DIS/CLK
    SLICE_X1Y85          FDCE                                         r  U_DP/U_REG_DIS/Q_reg[2]/C
                         clock pessimism             -0.504     1.532    
    SLICE_X1Y85          FDCE (Hold_fdce_C_D)         0.092     1.624    U_DP/U_REG_DIS/Q_reg[2]
  -------------------------------------------------------------------
                         required time                         -1.624    
                         arrival time                           1.853    
  -------------------------------------------------------------------
                         slack                                  0.229    

Slack (MET) :             0.235ns  (arrival time - required time)
  Source:                 U_DP/U_REG_L/Q_reg[5]/C
                            (rising edge-triggered cell FDCE clocked by sys_clk_pin  {rise@0.000ns fall@5.000ns period=10.000ns})
  Destination:            U_DP/U_REG_L/Q_reg[6]/D
                            (rising edge-triggered cell FDCE clocked by sys_clk_pin  {rise@0.000ns fall@5.000ns period=10.000ns})
  Path Group:             sys_clk_pin
  Path Type:              Hold (Min at Fast Process Corner)
  Requirement:            0.000ns  (sys_clk_pin rise@0.000ns - sys_clk_pin rise@0.000ns)
  Data Path Delay:        0.327ns  (logic 0.226ns (69.024%)  route 0.101ns (30.976%))
  Logic Levels:           1  (LUT3=1)
  Clock Path Skew:        0.000ns (DCD - SCD - CPR)
    Destination Clock Delay (DCD):    2.036ns
    Source Clock Delay      (SCD):    1.519ns
    Clock Pessimism Removal (CPR):    0.516ns

    Location             Delay type                Incr(ns)  Path(ns)    Netlist Resource(s)
  -------------------------------------------------------------------    -------------------
                         (clock sys_clk_pin rise edge)
                                                      0.000     0.000 r  
    E3                                                0.000     0.000 r  clk (IN)
                         net (fo=0)                   0.000     0.000    clk
    E3                   IBUF (Prop_ibuf_I_O)         0.250     0.250 r  clk_IBUF_inst/O
                         net (fo=1, routed)           0.644     0.894    clk_IBUF
    BUFGCTRL_X0Y16       BUFG (Prop_bufg_I_O)         0.026     0.920 r  clk_IBUF_BUFG_inst/O
                         net (fo=28, routed)          0.600     1.519    U_DP/U_REG_L/CLK
    SLICE_X1Y84          FDCE                                         r  U_DP/U_REG_L/Q_reg[5]/C
  -------------------------------------------------------------------    -------------------
    SLICE_X1Y84          FDCE (Prop_fdce_C_Q)         0.128     1.647 r  U_DP/U_REG_L/Q_reg[5]/Q
                         net (fo=2, routed)           0.101     1.749    U_DP/U_MUX_L/Q[5]
    SLICE_X1Y84          LUT3 (Prop_lut3_I2_O)        0.098     1.847 r  U_DP/U_MUX_L/Q[6]_i_1/O
                         net (fo=1, routed)           0.000     1.847    U_DP/U_REG_L/D[6]
    SLICE_X1Y84          FDCE                                         r  U_DP/U_REG_L/Q_reg[6]/D
  -------------------------------------------------------------------    -------------------

                         (clock sys_clk_pin rise edge)
                                                      0.000     0.000 r  
    E3                                                0.000     0.000 r  clk (IN)
                         net (fo=0)                   0.000     0.000    clk
    E3                   IBUF (Prop_ibuf_I_O)         0.438     0.438 r  clk_IBUF_inst/O
                         net (fo=1, routed)           0.699     1.136    clk_IBUF
    BUFGCTRL_X0Y16       BUFG (Prop_bufg_I_O)         0.029     1.165 r  clk_IBUF_BUFG_inst/O
                         net (fo=28, routed)          0.871     2.036    U_DP/U_REG_L/CLK
    SLICE_X1Y84          FDCE                                         r  U_DP/U_REG_L/Q_reg[6]/C
                         clock pessimism             -0.516     1.519    
    SLICE_X1Y84          FDCE (Hold_fdce_C_D)         0.092     1.611    U_DP/U_REG_L/Q_reg[6]
  -------------------------------------------------------------------
                         required time                         -1.611    
                         arrival time                           1.847    
  -------------------------------------------------------------------
                         slack                                  0.235    

Slack (MET) :             0.236ns  (arrival time - required time)
  Source:                 U_DP/U_REG_L/Q_reg[6]/C
                            (rising edge-triggered cell FDCE clocked by sys_clk_pin  {rise@0.000ns fall@5.000ns period=10.000ns})
  Destination:            U_DP/U_REG_DIS/Q_reg[6]/D
                            (rising edge-triggered cell FDCE clocked by sys_clk_pin  {rise@0.000ns fall@5.000ns period=10.000ns})
  Path Group:             sys_clk_pin
  Path Type:              Hold (Min at Fast Process Corner)
  Requirement:            0.000ns  (sys_clk_pin rise@0.000ns - sys_clk_pin rise@0.000ns)
  Data Path Delay:        0.341ns  (logic 0.186ns (54.611%)  route 0.155ns (45.389%))
  Logic Levels:           1  (LUT5=1)
  Clock Path Skew:        0.013ns (DCD - SCD - CPR)
    Destination Clock Delay (DCD):    2.036ns
    Source Clock Delay      (SCD):    1.519ns
    Clock Pessimism Removal (CPR):    0.503ns

    Location             Delay type                Incr(ns)  Path(ns)    Netlist Resource(s)
  -------------------------------------------------------------------    -------------------
                         (clock sys_clk_pin rise edge)
                                                      0.000     0.000 r  
    E3                                                0.000     0.000 r  clk (IN)
                         net (fo=0)                   0.000     0.000    clk
    E3                   IBUF (Prop_ibuf_I_O)         0.250     0.250 r  clk_IBUF_inst/O
                         net (fo=1, routed)           0.644     0.894    clk_IBUF
    BUFGCTRL_X0Y16       BUFG (Prop_bufg_I_O)         0.026     0.920 r  clk_IBUF_BUFG_inst/O
                         net (fo=28, routed)          0.600     1.519    U_DP/U_REG_L/CLK
    SLICE_X1Y84          FDCE                                         r  U_DP/U_REG_L/Q_reg[6]/C
  -------------------------------------------------------------------    -------------------
    SLICE_X1Y84          FDCE (Prop_fdce_C_Q)         0.141     1.660 r  U_DP/U_REG_L/Q_reg[6]/Q
                         net (fo=2, routed)           0.155     1.815    U_DP/U_MUX_DIS/Q[6]
    SLICE_X0Y84          LUT5 (Prop_lut5_I0_O)        0.045     1.860 r  U_DP/U_MUX_DIS/Q[6]_i_1/O
                         net (fo=1, routed)           0.000     1.860    U_DP/U_REG_DIS/D[6]
    SLICE_X0Y84          FDCE                                         r  U_DP/U_REG_DIS/Q_reg[6]/D
  -------------------------------------------------------------------    -------------------

                         (clock sys_clk_pin rise edge)
                                                      0.000     0.000 r  
    E3                                                0.000     0.000 r  clk (IN)
                         net (fo=0)                   0.000     0.000    clk
    E3                   IBUF (Prop_ibuf_I_O)         0.438     0.438 r  clk_IBUF_inst/O
                         net (fo=1, routed)           0.699     1.136    clk_IBUF
    BUFGCTRL_X0Y16       BUFG (Prop_bufg_I_O)         0.029     1.165 r  clk_IBUF_BUFG_inst/O
                         net (fo=28, routed)          0.871     2.036    U_DP/U_REG_DIS/CLK
    SLICE_X0Y84          FDCE                                         r  U_DP/U_REG_DIS/Q_reg[6]/C
                         clock pessimism             -0.503     1.532    
    SLICE_X0Y84          FDCE (Hold_fdce_C_D)         0.092     1.624    U_DP/U_REG_DIS/Q_reg[6]
  -------------------------------------------------------------------
                         required time                         -1.624    
                         arrival time                           1.860    
  -------------------------------------------------------------------
                         slack                                  0.236    

Slack (MET) :             0.244ns  (arrival time - required time)
  Source:                 U_DP/U_REG_L/Q_reg[2]/C
                            (rising edge-triggered cell FDCE clocked by sys_clk_pin  {rise@0.000ns fall@5.000ns period=10.000ns})
  Destination:            U_DP/U_REG_L/Q_reg[3]/D
                            (rising edge-triggered cell FDCE clocked by sys_clk_pin  {rise@0.000ns fall@5.000ns period=10.000ns})
  Path Group:             sys_clk_pin
  Path Type:              Hold (Min at Fast Process Corner)
  Requirement:            0.000ns  (sys_clk_pin rise@0.000ns - sys_clk_pin rise@0.000ns)
  Data Path Delay:        0.351ns  (logic 0.183ns (52.101%)  route 0.168ns (47.899%))
  Logic Levels:           1  (LUT3=1)
  Clock Path Skew:        0.000ns (DCD - SCD - CPR)
    Destination Clock Delay (DCD):    2.036ns
    Source Clock Delay      (SCD):    1.519ns
    Clock Pessimism Removal (CPR):    0.516ns

    Location             Delay type                Incr(ns)  Path(ns)    Netlist Resource(s)
  -------------------------------------------------------------------    -------------------
                         (clock sys_clk_pin rise edge)
                                                      0.000     0.000 r  
    E3                                                0.000     0.000 r  clk (IN)
                         net (fo=0)                   0.000     0.000    clk
    E3                   IBUF (Prop_ibuf_I_O)         0.250     0.250 r  clk_IBUF_inst/O
                         net (fo=1, routed)           0.644     0.894    clk_IBUF
    BUFGCTRL_X0Y16       BUFG (Prop_bufg_I_O)         0.026     0.920 r  clk_IBUF_BUFG_inst/O
                         net (fo=28, routed)          0.600     1.519    U_DP/U_REG_L/CLK
    SLICE_X1Y84          FDCE                                         r  U_DP/U_REG_L/Q_reg[2]/C
  -------------------------------------------------------------------    -------------------
    SLICE_X1Y84          FDCE (Prop_fdce_C_Q)         0.141     1.660 r  U_DP/U_REG_L/Q_reg[2]/Q
                         net (fo=2, routed)           0.168     1.829    U_DP/U_MUX_L/Q[2]
    SLICE_X1Y84          LUT3 (Prop_lut3_I2_O)        0.042     1.871 r  U_DP/U_MUX_L/Q[3]_i_1/O
                         net (fo=1, routed)           0.000     1.871    U_DP/U_REG_L/D[3]
    SLICE_X1Y84          FDCE                                         r  U_DP/U_REG_L/Q_reg[3]/D
  -------------------------------------------------------------------    -------------------

                         (clock sys_clk_pin rise edge)
                                                      0.000     0.000 r  
    E3                                                0.000     0.000 r  clk (IN)
                         net (fo=0)                   0.000     0.000    clk
    E3                   IBUF (Prop_ibuf_I_O)         0.438     0.438 r  clk_IBUF_inst/O
                         net (fo=1, routed)           0.699     1.136    clk_IBUF
    BUFGCTRL_X0Y16       BUFG (Prop_bufg_I_O)         0.029     1.165 r  clk_IBUF_BUFG_inst/O
                         net (fo=28, routed)          0.871     2.036    U_DP/U_REG_L/CLK
    SLICE_X1Y84          FDCE                                         r  U_DP/U_REG_L/Q_reg[3]/C
                         clock pessimism             -0.516     1.519    
    SLICE_X1Y84          FDCE (Hold_fdce_C_D)         0.107     1.626    U_DP/U_REG_L/Q_reg[3]
  -------------------------------------------------------------------
                         required time                         -1.626    
                         arrival time                           1.871    
  -------------------------------------------------------------------
                         slack                                  0.244    

Slack (MET) :             0.290ns  (arrival time - required time)
  Source:                 U_DP/U_REG_R/Q_reg[4]/C
                            (rising edge-triggered cell FDCE clocked by sys_clk_pin  {rise@0.000ns fall@5.000ns period=10.000ns})
  Destination:            U_DP/U_REG_R/Q_reg[3]/D
                            (rising edge-triggered cell FDCE clocked by sys_clk_pin  {rise@0.000ns fall@5.000ns period=10.000ns})
  Path Group:             sys_clk_pin
  Path Type:              Hold (Min at Fast Process Corner)
  Requirement:            0.000ns  (sys_clk_pin rise@0.000ns - sys_clk_pin rise@0.000ns)
  Data Path Delay:        0.397ns  (logic 0.186ns (46.830%)  route 0.211ns (53.170%))
  Logic Levels:           1  (LUT3=1)
  Clock Path Skew:        0.000ns (DCD - SCD - CPR)
    Destination Clock Delay (DCD):    2.037ns
    Source Clock Delay      (SCD):    1.519ns
    Clock Pessimism Removal (CPR):    0.517ns

    Location             Delay type                Incr(ns)  Path(ns)    Netlist Resource(s)
  -------------------------------------------------------------------    -------------------
                         (clock sys_clk_pin rise edge)
                                                      0.000     0.000 r  
    E3                                                0.000     0.000 r  clk (IN)
                         net (fo=0)                   0.000     0.000    clk
    E3                   IBUF (Prop_ibuf_I_O)         0.250     0.250 r  clk_IBUF_inst/O
                         net (fo=1, routed)           0.644     0.894    clk_IBUF
    BUFGCTRL_X0Y16       BUFG (Prop_bufg_I_O)         0.026     0.920 r  clk_IBUF_BUFG_inst/O
                         net (fo=28, routed)          0.600     1.519    U_DP/U_REG_R/CLK
    SLICE_X0Y85          FDCE                                         r  U_DP/U_REG_R/Q_reg[4]/C
  -------------------------------------------------------------------    -------------------
    SLICE_X0Y85          FDCE (Prop_fdce_C_Q)         0.141     1.660 r  U_DP/U_REG_R/Q_reg[4]/Q
                         net (fo=2, routed)           0.211     1.872    U_CTRL/FF_S3/Q[3]
    SLICE_X0Y85          LUT3 (Prop_lut3_I2_O)        0.045     1.917 r  U_CTRL/FF_S3/Q[3]_i_1/O
                         net (fo=1, routed)           0.000     1.917    U_DP/U_REG_R/Q_reg[7]_0[3]
    SLICE_X0Y85          FDCE                                         r  U_DP/U_REG_R/Q_reg[3]/D
  -------------------------------------------------------------------    -------------------

                         (clock sys_clk_pin rise edge)
                                                      0.000     0.000 r  
    E3                                                0.000     0.000 r  clk (IN)
                         net (fo=0)                   0.000     0.000    clk
    E3                   IBUF (Prop_ibuf_I_O)         0.438     0.438 r  clk_IBUF_inst/O
                         net (fo=1, routed)           0.699     1.136    clk_IBUF
    BUFGCTRL_X0Y16       BUFG (Prop_bufg_I_O)         0.029     1.165 r  clk_IBUF_BUFG_inst/O
                         net (fo=28, routed)          0.872     2.037    U_DP/U_REG_R/CLK
    SLICE_X0Y85          FDCE                                         r  U_DP/U_REG_R/Q_reg[3]/C
                         clock pessimism             -0.517     1.519    
    SLICE_X0Y85          FDCE (Hold_fdce_C_D)         0.107     1.626    U_DP/U_REG_R/Q_reg[3]
  -------------------------------------------------------------------
                         required time                         -1.626    
                         arrival time                           1.917    
  -------------------------------------------------------------------
                         slack                                  0.290    

Slack (MET) :             0.292ns  (arrival time - required time)
  Source:                 U_CTRL/FF_S3/Q_reg/C
                            (rising edge-triggered cell FDCE clocked by sys_clk_pin  {rise@0.000ns fall@5.000ns period=10.000ns})
  Destination:            U_DP/U_REG_R/Q_reg[7]/D
                            (rising edge-triggered cell FDCE clocked by sys_clk_pin  {rise@0.000ns fall@5.000ns period=10.000ns})
  Path Group:             sys_clk_pin
  Path Type:              Hold (Min at Fast Process Corner)
  Requirement:            0.000ns  (sys_clk_pin rise@0.000ns - sys_clk_pin rise@0.000ns)
  Data Path Delay:        0.414ns  (logic 0.190ns (45.864%)  route 0.224ns (54.136%))
  Logic Levels:           1  (LUT2=1)
  Clock Path Skew:        0.015ns (DCD - SCD - CPR)
    Destination Clock Delay (DCD):    2.037ns
    Source Clock Delay      (SCD):    1.519ns
    Clock Pessimism Removal (CPR):    0.502ns

    Location             Delay type                Incr(ns)  Path(ns)    Netlist Resource(s)
  -------------------------------------------------------------------    -------------------
                         (clock sys_clk_pin rise edge)
                                                      0.000     0.000 r  
    E3                                                0.000     0.000 r  clk (IN)
                         net (fo=0)                   0.000     0.000    clk
    E3                   IBUF (Prop_ibuf_I_O)         0.250     0.250 r  clk_IBUF_inst/O
                         net (fo=1, routed)           0.644     0.894    clk_IBUF
    BUFGCTRL_X0Y16       BUFG (Prop_bufg_I_O)         0.026     0.920 r  clk_IBUF_BUFG_inst/O
                         net (fo=28, routed)          0.600     1.519    U_CTRL/FF_S3/CLK
    SLICE_X0Y86          FDCE                                         r  U_CTRL/FF_S3/Q_reg/C
  -------------------------------------------------------------------    -------------------
    SLICE_X0Y86          FDCE (Prop_fdce_C_Q)         0.141     1.660 f  U_CTRL/FF_S3/Q_reg/Q
                         net (fo=17, routed)          0.224     1.885    U_CTRL/FF_S3/Q_reg_0
    SLICE_X0Y85          LUT2 (Prop_lut2_I0_O)        0.049     1.934 r  U_CTRL/FF_S3/Q[7]_i_2/O
                         net (fo=1, routed)           0.000     1.934    U_DP/U_REG_R/Q_reg[7]_0[7]
    SLICE_X0Y85          FDCE                                         r  U_DP/U_REG_R/Q_reg[7]/D
  -------------------------------------------------------------------    -------------------

                         (clock sys_clk_pin rise edge)
                                                      0.000     0.000 r  
    E3                                                0.000     0.000 r  clk (IN)
                         net (fo=0)                   0.000     0.000    clk
    E3                   IBUF (Prop_ibuf_I_O)         0.438     0.438 r  clk_IBUF_inst/O
                         net (fo=1, routed)           0.699     1.136    clk_IBUF
    BUFGCTRL_X0Y16       BUFG (Prop_bufg_I_O)         0.029     1.165 r  clk_IBUF_BUFG_inst/O
                         net (fo=28, routed)          0.872     2.037    U_DP/U_REG_R/CLK
    SLICE_X0Y85          FDCE                                         r  U_DP/U_REG_R/Q_reg[7]/C
                         clock pessimism             -0.502     1.534    
    SLICE_X0Y85          FDCE (Hold_fdce_C_D)         0.107     1.641    U_DP/U_REG_R/Q_reg[7]
  -------------------------------------------------------------------
                         required time                         -1.641    
                         arrival time                           1.934    
  -------------------------------------------------------------------
                         slack                                  0.292    





Pulse Width Checks
--------------------------------------------------------------------------------------
Clock Name:         sys_clk_pin
Waveform(ns):       { 0.000 5.000 }
Period(ns):         10.000
Sources:            { clk }

Check Type        Corner  Lib Pin  Reference Pin  Required(ns)  Actual(ns)  Slack(ns)  Location        Pin
Min Period        n/a     BUFG/I   n/a            2.155         10.000      7.845      BUFGCTRL_X0Y16  clk_IBUF_BUFG_inst/I
Min Period        n/a     FDPE/C   n/a            1.000         10.000      9.000      SLICE_X0Y86     U_CTRL/FF_S0/Q_reg/C
Min Period        n/a     FDCE/C   n/a            1.000         10.000      9.000      SLICE_X0Y86     U_CTRL/FF_S1/Q_reg/C
Min Period        n/a     FDCE/C   n/a            1.000         10.000      9.000      SLICE_X0Y86     U_CTRL/FF_S2/Q_reg/C
Min Period        n/a     FDCE/C   n/a            1.000         10.000      9.000      SLICE_X0Y86     U_CTRL/FF_S3/Q_reg/C
Min Period        n/a     FDCE/C   n/a            1.000         10.000      9.000      SLICE_X0Y86     U_DP/U_REG_DIS/Q_reg[0]/C
Min Period        n/a     FDCE/C   n/a            1.000         10.000      9.000      SLICE_X1Y85     U_DP/U_REG_DIS/Q_reg[1]/C
Min Period        n/a     FDCE/C   n/a            1.000         10.000      9.000      SLICE_X1Y85     U_DP/U_REG_DIS/Q_reg[2]/C
Min Period        n/a     FDCE/C   n/a            1.000         10.000      9.000      SLICE_X0Y84     U_DP/U_REG_DIS/Q_reg[3]/C
Min Period        n/a     FDCE/C   n/a            1.000         10.000      9.000      SLICE_X1Y85     U_DP/U_REG_DIS/Q_reg[4]/C
Low Pulse Width   Slow    FDPE/C   n/a            0.500         5.000       4.500      SLICE_X0Y86     U_CTRL/FF_S0/Q_reg/C
Low Pulse Width   Fast    FDPE/C   n/a            0.500         5.000       4.500      SLICE_X0Y86     U_CTRL/FF_S0/Q_reg/C
Low Pulse Width   Slow    FDCE/C   n/a            0.500         5.000       4.500      SLICE_X0Y86     U_CTRL/FF_S1/Q_reg/C
Low Pulse Width   Fast    FDCE/C   n/a            0.500         5.000       4.500      SLICE_X0Y86     U_CTRL/FF_S1/Q_reg/C
Low Pulse Width   Slow    FDCE/C   n/a            0.500         5.000       4.500      SLICE_X0Y86     U_CTRL/FF_S2/Q_reg/C
Low Pulse Width   Fast    FDCE/C   n/a            0.500         5.000       4.500      SLICE_X0Y86     U_CTRL/FF_S2/Q_reg/C
Low Pulse Width   Slow    FDCE/C   n/a            0.500         5.000       4.500      SLICE_X0Y86     U_CTRL/FF_S3/Q_reg/C
Low Pulse Width   Fast    FDCE/C   n/a            0.500         5.000       4.500      SLICE_X0Y86     U_CTRL/FF_S3/Q_reg/C
Low Pulse Width   Slow    FDCE/C   n/a            0.500         5.000       4.500      SLICE_X0Y86     U_DP/U_REG_DIS/Q_reg[0]/C
Low Pulse Width   Fast    FDCE/C   n/a            0.500         5.000       4.500      SLICE_X0Y86     U_DP/U_REG_DIS/Q_reg[0]/C
High Pulse Width  Slow    FDPE/C   n/a            0.500         5.000       4.500      SLICE_X0Y86     U_CTRL/FF_S0/Q_reg/C
High Pulse Width  Fast    FDPE/C   n/a            0.500         5.000       4.500      SLICE_X0Y86     U_CTRL/FF_S0/Q_reg/C
High Pulse Width  Slow    FDCE/C   n/a            0.500         5.000       4.500      SLICE_X0Y86     U_CTRL/FF_S1/Q_reg/C
High Pulse Width  Fast    FDCE/C   n/a            0.500         5.000       4.500      SLICE_X0Y86     U_CTRL/FF_S1/Q_reg/C
High Pulse Width  Slow    FDCE/C   n/a            0.500         5.000       4.500      SLICE_X0Y86     U_CTRL/FF_S2/Q_reg/C
High Pulse Width  Fast    FDCE/C   n/a            0.500         5.000       4.500      SLICE_X0Y86     U_CTRL/FF_S2/Q_reg/C
High Pulse Width  Slow    FDCE/C   n/a            0.500         5.000       4.500      SLICE_X0Y86     U_CTRL/FF_S3/Q_reg/C
High Pulse Width  Fast    FDCE/C   n/a            0.500         5.000       4.500      SLICE_X0Y86     U_CTRL/FF_S3/Q_reg/C
High Pulse Width  Slow    FDCE/C   n/a            0.500         5.000       4.500      SLICE_X0Y86     U_DP/U_REG_DIS/Q_reg[0]/C
High Pulse Width  Fast    FDCE/C   n/a            0.500         5.000       4.500      SLICE_X0Y86     U_DP/U_REG_DIS/Q_reg[0]/C



--------------------------------------------------------------------------------------
Path Group:  (none)
From Clock:  sys_clk_pin
  To Clock:  

Max Delay             8 Endpoints
Min Delay             8 Endpoints
--------------------------------------------------------------------------------------


Max Delay Paths
--------------------------------------------------------------------------------------
Slack:                    inf
  Source:                 U_DP/U_REG_DIS/Q_reg[2]/C
                            (rising edge-triggered cell FDCE clocked by sys_clk_pin  {rise@0.000ns fall@5.000ns period=10.000ns})
  Destination:            DISPLAY[2]
                            (output port)
  Path Group:             (none)
  Path Type:              Max at Slow Process Corner
  Data Path Delay:        6.519ns  (logic 4.009ns (61.489%)  route 2.511ns (38.511%))
  Logic Levels:           1  (OBUF=1)
  Clock Uncertainty:      0.025ns  ((TSJ^2 + TIJ^2)^1/2 + DJ) / 2 + PE
    Total System Jitter     (TSJ):    0.050ns
    Total Input Jitter      (TIJ):    0.000ns
    Discrete Jitter          (DJ):    0.000ns
    Phase Error              (PE):    0.000ns

    Location             Delay type                Incr(ns)  Path(ns)    Netlist Resource(s)
  -------------------------------------------------------------------    -------------------
                         (clock sys_clk_pin rise edge)
                                                      0.000     0.000 r  
    E3                                                0.000     0.000 r  clk (IN)
                         net (fo=0)                   0.000     0.000    clk
    E3                   IBUF (Prop_ibuf_I_O)         1.482     1.482 r  clk_IBUF_inst/O
                         net (fo=1, routed)           2.025     3.506    clk_IBUF
    BUFGCTRL_X0Y16       BUFG (Prop_bufg_I_O)         0.096     3.602 r  clk_IBUF_BUFG_inst/O
                         net (fo=28, routed)          1.720     5.323    U_DP/U_REG_DIS/CLK
    SLICE_X1Y85          FDCE                                         r  U_DP/U_REG_DIS/Q_reg[2]/C
  -------------------------------------------------------------------    -------------------
    SLICE_X1Y85          FDCE (Prop_fdce_C_Q)         0.456     5.779 r  U_DP/U_REG_DIS/Q_reg[2]/Q
                         net (fo=1, routed)           2.511     8.289    DISPLAY_OBUF[2]
    J13                  OBUF (Prop_obuf_I_O)         3.553    11.842 r  DISPLAY_OBUF[2]_inst/O
                         net (fo=0)                   0.000    11.842    DISPLAY[2]
    J13                                                               r  DISPLAY[2] (OUT)
  -------------------------------------------------------------------    -------------------

Slack:                    inf
  Source:                 U_DP/U_REG_DIS/Q_reg[0]/C
                            (rising edge-triggered cell FDCE clocked by sys_clk_pin  {rise@0.000ns fall@5.000ns period=10.000ns})
  Destination:            DISPLAY[0]
                            (output port)
  Path Group:             (none)
  Path Type:              Max at Slow Process Corner
  Data Path Delay:        6.497ns  (logic 3.976ns (61.205%)  route 2.520ns (38.795%))
  Logic Levels:           1  (OBUF=1)
  Clock Uncertainty:      0.025ns  ((TSJ^2 + TIJ^2)^1/2 + DJ) / 2 + PE
    Total System Jitter     (TSJ):    0.050ns
    Total Input Jitter      (TIJ):    0.000ns
    Discrete Jitter          (DJ):    0.000ns
    Phase Error              (PE):    0.000ns

    Location             Delay type                Incr(ns)  Path(ns)    Netlist Resource(s)
  -------------------------------------------------------------------    -------------------
                         (clock sys_clk_pin rise edge)
                                                      0.000     0.000 r  
    E3                                                0.000     0.000 r  clk (IN)
                         net (fo=0)                   0.000     0.000    clk
    E3                   IBUF (Prop_ibuf_I_O)         1.482     1.482 r  clk_IBUF_inst/O
                         net (fo=1, routed)           2.025     3.506    clk_IBUF
    BUFGCTRL_X0Y16       BUFG (Prop_bufg_I_O)         0.096     3.602 r  clk_IBUF_BUFG_inst/O
                         net (fo=28, routed)          1.720     5.323    U_DP/U_REG_DIS/CLK
    SLICE_X0Y86          FDCE                                         r  U_DP/U_REG_DIS/Q_reg[0]/C
  -------------------------------------------------------------------    -------------------
    SLICE_X0Y86          FDCE (Prop_fdce_C_Q)         0.456     5.779 r  U_DP/U_REG_DIS/Q_reg[0]/Q
                         net (fo=1, routed)           2.520     8.299    DISPLAY_OBUF[0]
    H17                  OBUF (Prop_obuf_I_O)         3.520    11.819 r  DISPLAY_OBUF[0]_inst/O
                         net (fo=0)                   0.000    11.819    DISPLAY[0]
    H17                                                               r  DISPLAY[0] (OUT)
  -------------------------------------------------------------------    -------------------

Slack:                    inf
  Source:                 U_DP/U_REG_DIS/Q_reg[7]/C
                            (rising edge-triggered cell FDCE clocked by sys_clk_pin  {rise@0.000ns fall@5.000ns period=10.000ns})
  Destination:            DISPLAY[7]
                            (output port)
  Path Group:             (none)
  Path Type:              Max at Slow Process Corner
  Data Path Delay:        6.469ns  (logic 4.011ns (62.008%)  route 2.458ns (37.992%))
  Logic Levels:           1  (OBUF=1)
  Clock Uncertainty:      0.025ns  ((TSJ^2 + TIJ^2)^1/2 + DJ) / 2 + PE
    Total System Jitter     (TSJ):    0.050ns
    Total Input Jitter      (TIJ):    0.000ns
    Discrete Jitter          (DJ):    0.000ns
    Phase Error              (PE):    0.000ns

    Location             Delay type                Incr(ns)  Path(ns)    Netlist Resource(s)
  -------------------------------------------------------------------    -------------------
                         (clock sys_clk_pin rise edge)
                                                      0.000     0.000 r  
    E3                                                0.000     0.000 r  clk (IN)
                         net (fo=0)                   0.000     0.000    clk
    E3                   IBUF (Prop_ibuf_I_O)         1.482     1.482 r  clk_IBUF_inst/O
                         net (fo=1, routed)           2.025     3.506    clk_IBUF
    BUFGCTRL_X0Y16       BUFG (Prop_bufg_I_O)         0.096     3.602 r  clk_IBUF_BUFG_inst/O
                         net (fo=28, routed)          1.718     5.321    U_DP/U_REG_DIS/CLK
    SLICE_X0Y84          FDCE                                         r  U_DP/U_REG_DIS/Q_reg[7]/C
  -------------------------------------------------------------------    -------------------
    SLICE_X0Y84          FDCE (Prop_fdce_C_Q)         0.456     5.777 r  U_DP/U_REG_DIS/Q_reg[7]/Q
                         net (fo=1, routed)           2.458     8.234    DISPLAY_OBUF[7]
    U16                  OBUF (Prop_obuf_I_O)         3.555    11.790 r  DISPLAY_OBUF[7]_inst/O
                         net (fo=0)                   0.000    11.790    DISPLAY[7]
    U16                                                               r  DISPLAY[7] (OUT)
  -------------------------------------------------------------------    -------------------

Slack:                    inf
  Source:                 U_DP/U_REG_DIS/Q_reg[5]/C
                            (rising edge-triggered cell FDCE clocked by sys_clk_pin  {rise@0.000ns fall@5.000ns period=10.000ns})
  Destination:            DISPLAY[5]
                            (output port)
  Path Group:             (none)
  Path Type:              Max at Slow Process Corner
  Data Path Delay:        6.366ns  (logic 4.008ns (62.958%)  route 2.358ns (37.042%))
  Logic Levels:           1  (OBUF=1)
  Clock Uncertainty:      0.025ns  ((TSJ^2 + TIJ^2)^1/2 + DJ) / 2 + PE
    Total System Jitter     (TSJ):    0.050ns
    Total Input Jitter      (TIJ):    0.000ns
    Discrete Jitter          (DJ):    0.000ns
    Phase Error              (PE):    0.000ns

    Location             Delay type                Incr(ns)  Path(ns)    Netlist Resource(s)
  -------------------------------------------------------------------    -------------------
                         (clock sys_clk_pin rise edge)
                                                      0.000     0.000 r  
    E3                                                0.000     0.000 r  clk (IN)
                         net (fo=0)                   0.000     0.000    clk
    E3                   IBUF (Prop_ibuf_I_O)         1.482     1.482 r  clk_IBUF_inst/O
                         net (fo=1, routed)           2.025     3.506    clk_IBUF
    BUFGCTRL_X0Y16       BUFG (Prop_bufg_I_O)         0.096     3.602 r  clk_IBUF_BUFG_inst/O
                         net (fo=28, routed)          1.718     5.321    U_DP/U_REG_DIS/CLK
    SLICE_X0Y84          FDCE                                         r  U_DP/U_REG_DIS/Q_reg[5]/C
  -------------------------------------------------------------------    -------------------
    SLICE_X0Y84          FDCE (Prop_fdce_C_Q)         0.456     5.777 r  U_DP/U_REG_DIS/Q_reg[5]/Q
                         net (fo=1, routed)           2.358     8.135    DISPLAY_OBUF[5]
    V17                  OBUF (Prop_obuf_I_O)         3.552    11.687 r  DISPLAY_OBUF[5]_inst/O
                         net (fo=0)                   0.000    11.687    DISPLAY[5]
    V17                                                               r  DISPLAY[5] (OUT)
  -------------------------------------------------------------------    -------------------

Slack:                    inf
  Source:                 U_DP/U_REG_DIS/Q_reg[6]/C
                            (rising edge-triggered cell FDCE clocked by sys_clk_pin  {rise@0.000ns fall@5.000ns period=10.000ns})
  Destination:            DISPLAY[6]
                            (output port)
  Path Group:             (none)
  Path Type:              Max at Slow Process Corner
  Data Path Delay:        6.325ns  (logic 4.011ns (63.420%)  route 2.314ns (36.580%))
  Logic Levels:           1  (OBUF=1)
  Clock Uncertainty:      0.025ns  ((TSJ^2 + TIJ^2)^1/2 + DJ) / 2 + PE
    Total System Jitter     (TSJ):    0.050ns
    Total Input Jitter      (TIJ):    0.000ns
    Discrete Jitter          (DJ):    0.000ns
    Phase Error              (PE):    0.000ns

    Location             Delay type                Incr(ns)  Path(ns)    Netlist Resource(s)
  -------------------------------------------------------------------    -------------------
                         (clock sys_clk_pin rise edge)
                                                      0.000     0.000 r  
    E3                                                0.000     0.000 r  clk (IN)
                         net (fo=0)                   0.000     0.000    clk
    E3                   IBUF (Prop_ibuf_I_O)         1.482     1.482 r  clk_IBUF_inst/O
                         net (fo=1, routed)           2.025     3.506    clk_IBUF
    BUFGCTRL_X0Y16       BUFG (Prop_bufg_I_O)         0.096     3.602 r  clk_IBUF_BUFG_inst/O
                         net (fo=28, routed)          1.718     5.321    U_DP/U_REG_DIS/CLK
    SLICE_X0Y84          FDCE                                         r  U_DP/U_REG_DIS/Q_reg[6]/C
  -------------------------------------------------------------------    -------------------
    SLICE_X0Y84          FDCE (Prop_fdce_C_Q)         0.456     5.777 r  U_DP/U_REG_DIS/Q_reg[6]/Q
                         net (fo=1, routed)           2.314     8.090    DISPLAY_OBUF[6]
    U17                  OBUF (Prop_obuf_I_O)         3.555    11.645 r  DISPLAY_OBUF[6]_inst/O
                         net (fo=0)                   0.000    11.645    DISPLAY[6]
    U17                                                               r  DISPLAY[6] (OUT)
  -------------------------------------------------------------------    -------------------

Slack:                    inf
  Source:                 U_DP/U_REG_DIS/Q_reg[1]/C
                            (rising edge-triggered cell FDCE clocked by sys_clk_pin  {rise@0.000ns fall@5.000ns period=10.000ns})
  Destination:            DISPLAY[1]
                            (output port)
  Path Group:             (none)
  Path Type:              Max at Slow Process Corner
  Data Path Delay:        6.238ns  (logic 3.991ns (63.988%)  route 2.246ns (36.012%))
  Logic Levels:           1  (OBUF=1)
  Clock Uncertainty:      0.025ns  ((TSJ^2 + TIJ^2)^1/2 + DJ) / 2 + PE
    Total System Jitter     (TSJ):    0.050ns
    Total Input Jitter      (TIJ):    0.000ns
    Discrete Jitter          (DJ):    0.000ns
    Phase Error              (PE):    0.000ns

    Location             Delay type                Incr(ns)  Path(ns)    Netlist Resource(s)
  -------------------------------------------------------------------    -------------------
                         (clock sys_clk_pin rise edge)
                                                      0.000     0.000 r  
    E3                                                0.000     0.000 r  clk (IN)
                         net (fo=0)                   0.000     0.000    clk
    E3                   IBUF (Prop_ibuf_I_O)         1.482     1.482 r  clk_IBUF_inst/O
                         net (fo=1, routed)           2.025     3.506    clk_IBUF
    BUFGCTRL_X0Y16       BUFG (Prop_bufg_I_O)         0.096     3.602 r  clk_IBUF_BUFG_inst/O
                         net (fo=28, routed)          1.720     5.323    U_DP/U_REG_DIS/CLK
    SLICE_X1Y85          FDCE                                         r  U_DP/U_REG_DIS/Q_reg[1]/C
  -------------------------------------------------------------------    -------------------
    SLICE_X1Y85          FDCE (Prop_fdce_C_Q)         0.456     5.779 r  U_DP/U_REG_DIS/Q_reg[1]/Q
                         net (fo=1, routed)           2.246     8.025    DISPLAY_OBUF[1]
    K15                  OBUF (Prop_obuf_I_O)         3.535    11.560 r  DISPLAY_OBUF[1]_inst/O
                         net (fo=0)                   0.000    11.560    DISPLAY[1]
    K15                                                               r  DISPLAY[1] (OUT)
  -------------------------------------------------------------------    -------------------

Slack:                    inf
  Source:                 U_DP/U_REG_DIS/Q_reg[4]/C
                            (rising edge-triggered cell FDCE clocked by sys_clk_pin  {rise@0.000ns fall@5.000ns period=10.000ns})
  Destination:            DISPLAY[4]
                            (output port)
  Path Group:             (none)
  Path Type:              Max at Slow Process Corner
  Data Path Delay:        5.704ns  (logic 4.008ns (70.261%)  route 1.696ns (29.739%))
  Logic Levels:           1  (OBUF=1)
  Clock Uncertainty:      0.025ns  ((TSJ^2 + TIJ^2)^1/2 + DJ) / 2 + PE
    Total System Jitter     (TSJ):    0.050ns
    Total Input Jitter      (TIJ):    0.000ns
    Discrete Jitter          (DJ):    0.000ns
    Phase Error              (PE):    0.000ns

    Location             Delay type                Incr(ns)  Path(ns)    Netlist Resource(s)
  -------------------------------------------------------------------    -------------------
                         (clock sys_clk_pin rise edge)
                                                      0.000     0.000 r  
    E3                                                0.000     0.000 r  clk (IN)
                         net (fo=0)                   0.000     0.000    clk
    E3                   IBUF (Prop_ibuf_I_O)         1.482     1.482 r  clk_IBUF_inst/O
                         net (fo=1, routed)           2.025     3.506    clk_IBUF
    BUFGCTRL_X0Y16       BUFG (Prop_bufg_I_O)         0.096     3.602 r  clk_IBUF_BUFG_inst/O
                         net (fo=28, routed)          1.720     5.323    U_DP/U_REG_DIS/CLK
    SLICE_X1Y85          FDCE                                         r  U_DP/U_REG_DIS/Q_reg[4]/C
  -------------------------------------------------------------------    -------------------
    SLICE_X1Y85          FDCE (Prop_fdce_C_Q)         0.456     5.779 r  U_DP/U_REG_DIS/Q_reg[4]/Q
                         net (fo=1, routed)           1.696     7.475    DISPLAY_OBUF[4]
    R18                  OBUF (Prop_obuf_I_O)         3.552    11.027 r  DISPLAY_OBUF[4]_inst/O
                         net (fo=0)                   0.000    11.027    DISPLAY[4]
    R18                                                               r  DISPLAY[4] (OUT)
  -------------------------------------------------------------------    -------------------

Slack:                    inf
  Source:                 U_DP/U_REG_DIS/Q_reg[3]/C
                            (rising edge-triggered cell FDCE clocked by sys_clk_pin  {rise@0.000ns fall@5.000ns period=10.000ns})
  Destination:            DISPLAY[3]
                            (output port)
  Path Group:             (none)
  Path Type:              Max at Slow Process Corner
  Data Path Delay:        5.540ns  (logic 4.007ns (72.325%)  route 1.533ns (27.675%))
  Logic Levels:           1  (OBUF=1)
  Clock Uncertainty:      0.025ns  ((TSJ^2 + TIJ^2)^1/2 + DJ) / 2 + PE
    Total System Jitter     (TSJ):    0.050ns
    Total Input Jitter      (TIJ):    0.000ns
    Discrete Jitter          (DJ):    0.000ns
    Phase Error              (PE):    0.000ns

    Location             Delay type                Incr(ns)  Path(ns)    Netlist Resource(s)
  -------------------------------------------------------------------    -------------------
                         (clock sys_clk_pin rise edge)
                                                      0.000     0.000 r  
    E3                                                0.000     0.000 r  clk (IN)
                         net (fo=0)                   0.000     0.000    clk
    E3                   IBUF (Prop_ibuf_I_O)         1.482     1.482 r  clk_IBUF_inst/O
                         net (fo=1, routed)           2.025     3.506    clk_IBUF
    BUFGCTRL_X0Y16       BUFG (Prop_bufg_I_O)         0.096     3.602 r  clk_IBUF_BUFG_inst/O
                         net (fo=28, routed)          1.718     5.321    U_DP/U_REG_DIS/CLK
    SLICE_X0Y84          FDCE                                         r  U_DP/U_REG_DIS/Q_reg[3]/C
  -------------------------------------------------------------------    -------------------
    SLICE_X0Y84          FDCE (Prop_fdce_C_Q)         0.456     5.777 r  U_DP/U_REG_DIS/Q_reg[3]/Q
                         net (fo=1, routed)           1.533     7.310    DISPLAY_OBUF[3]
    N14                  OBUF (Prop_obuf_I_O)         3.551    10.860 r  DISPLAY_OBUF[3]_inst/O
                         net (fo=0)                   0.000    10.860    DISPLAY[3]
    N14                                                               r  DISPLAY[3] (OUT)
  -------------------------------------------------------------------    -------------------





Min Delay Paths
--------------------------------------------------------------------------------------
Slack:                    inf
  Source:                 U_DP/U_REG_DIS/Q_reg[3]/C
                            (rising edge-triggered cell FDCE clocked by sys_clk_pin  {rise@0.000ns fall@5.000ns period=10.000ns})
  Destination:            DISPLAY[3]
                            (output port)
  Path Group:             (none)
  Path Type:              Min at Fast Process Corner
  Data Path Delay:        1.678ns  (logic 1.392ns (82.952%)  route 0.286ns (17.048%))
  Logic Levels:           1  (OBUF=1)
  Clock Uncertainty:      0.025ns  ((TSJ^2 + TIJ^2)^1/2 + DJ) / 2 + PE
    Total System Jitter     (TSJ):    0.050ns
    Total Input Jitter      (TIJ):    0.000ns
    Discrete Jitter          (DJ):    0.000ns
    Phase Error              (PE):    0.000ns

    Location             Delay type                Incr(ns)  Path(ns)    Netlist Resource(s)
  -------------------------------------------------------------------    -------------------
                         (clock sys_clk_pin rise edge)
                                                      0.000     0.000 r  
    E3                                                0.000     0.000 r  clk (IN)
                         net (fo=0)                   0.000     0.000    clk
    E3                   IBUF (Prop_ibuf_I_O)         0.250     0.250 r  clk_IBUF_inst/O
                         net (fo=1, routed)           0.644     0.894    clk_IBUF
    BUFGCTRL_X0Y16       BUFG (Prop_bufg_I_O)         0.026     0.920 r  clk_IBUF_BUFG_inst/O
                         net (fo=28, routed)          0.600     1.519    U_DP/U_REG_DIS/CLK
    SLICE_X0Y84          FDCE                                         r  U_DP/U_REG_DIS/Q_reg[3]/C
  -------------------------------------------------------------------    -------------------
    SLICE_X0Y84          FDCE (Prop_fdce_C_Q)         0.141     1.660 r  U_DP/U_REG_DIS/Q_reg[3]/Q
                         net (fo=1, routed)           0.286     1.946    DISPLAY_OBUF[3]
    N14                  OBUF (Prop_obuf_I_O)         1.251     3.198 r  DISPLAY_OBUF[3]_inst/O
                         net (fo=0)                   0.000     3.198    DISPLAY[3]
    N14                                                               r  DISPLAY[3] (OUT)
  -------------------------------------------------------------------    -------------------

Slack:                    inf
  Source:                 U_DP/U_REG_DIS/Q_reg[4]/C
                            (rising edge-triggered cell FDCE clocked by sys_clk_pin  {rise@0.000ns fall@5.000ns period=10.000ns})
  Destination:            DISPLAY[4]
                            (output port)
  Path Group:             (none)
  Path Type:              Min at Fast Process Corner
  Data Path Delay:        1.738ns  (logic 1.393ns (80.186%)  route 0.344ns (19.814%))
  Logic Levels:           1  (OBUF=1)
  Clock Uncertainty:      0.025ns  ((TSJ^2 + TIJ^2)^1/2 + DJ) / 2 + PE
    Total System Jitter     (TSJ):    0.050ns
    Total Input Jitter      (TIJ):    0.000ns
    Discrete Jitter          (DJ):    0.000ns
    Phase Error              (PE):    0.000ns

    Location             Delay type                Incr(ns)  Path(ns)    Netlist Resource(s)
  -------------------------------------------------------------------    -------------------
                         (clock sys_clk_pin rise edge)
                                                      0.000     0.000 r  
    E3                                                0.000     0.000 r  clk (IN)
                         net (fo=0)                   0.000     0.000    clk
    E3                   IBUF (Prop_ibuf_I_O)         0.250     0.250 r  clk_IBUF_inst/O
                         net (fo=1, routed)           0.644     0.894    clk_IBUF
    BUFGCTRL_X0Y16       BUFG (Prop_bufg_I_O)         0.026     0.920 r  clk_IBUF_BUFG_inst/O
                         net (fo=28, routed)          0.600     1.519    U_DP/U_REG_DIS/CLK
    SLICE_X1Y85          FDCE                                         r  U_DP/U_REG_DIS/Q_reg[4]/C
  -------------------------------------------------------------------    -------------------
    SLICE_X1Y85          FDCE (Prop_fdce_C_Q)         0.141     1.660 r  U_DP/U_REG_DIS/Q_reg[4]/Q
                         net (fo=1, routed)           0.344     2.005    DISPLAY_OBUF[4]
    R18                  OBUF (Prop_obuf_I_O)         1.252     3.257 r  DISPLAY_OBUF[4]_inst/O
                         net (fo=0)                   0.000     3.257    DISPLAY[4]
    R18                                                               r  DISPLAY[4] (OUT)
  -------------------------------------------------------------------    -------------------

Slack:                    inf
  Source:                 U_DP/U_REG_DIS/Q_reg[1]/C
                            (rising edge-triggered cell FDCE clocked by sys_clk_pin  {rise@0.000ns fall@5.000ns period=10.000ns})
  Destination:            DISPLAY[1]
                            (output port)
  Path Group:             (none)
  Path Type:              Min at Fast Process Corner
  Data Path Delay:        1.953ns  (logic 1.377ns (70.500%)  route 0.576ns (29.500%))
  Logic Levels:           1  (OBUF=1)
  Clock Uncertainty:      0.025ns  ((TSJ^2 + TIJ^2)^1/2 + DJ) / 2 + PE
    Total System Jitter     (TSJ):    0.050ns
    Total Input Jitter      (TIJ):    0.000ns
    Discrete Jitter          (DJ):    0.000ns
    Phase Error              (PE):    0.000ns

    Location             Delay type                Incr(ns)  Path(ns)    Netlist Resource(s)
  -------------------------------------------------------------------    -------------------
                         (clock sys_clk_pin rise edge)
                                                      0.000     0.000 r  
    E3                                                0.000     0.000 r  clk (IN)
                         net (fo=0)                   0.000     0.000    clk
    E3                   IBUF (Prop_ibuf_I_O)         0.250     0.250 r  clk_IBUF_inst/O
                         net (fo=1, routed)           0.644     0.894    clk_IBUF
    BUFGCTRL_X0Y16       BUFG (Prop_bufg_I_O)         0.026     0.920 r  clk_IBUF_BUFG_inst/O
                         net (fo=28, routed)          0.600     1.519    U_DP/U_REG_DIS/CLK
    SLICE_X1Y85          FDCE                                         r  U_DP/U_REG_DIS/Q_reg[1]/C
  -------------------------------------------------------------------    -------------------
    SLICE_X1Y85          FDCE (Prop_fdce_C_Q)         0.141     1.660 r  U_DP/U_REG_DIS/Q_reg[1]/Q
                         net (fo=1, routed)           0.576     2.237    DISPLAY_OBUF[1]
    K15                  OBUF (Prop_obuf_I_O)         1.236     3.473 r  DISPLAY_OBUF[1]_inst/O
                         net (fo=0)                   0.000     3.473    DISPLAY[1]
    K15                                                               r  DISPLAY[1] (OUT)
  -------------------------------------------------------------------    -------------------

Slack:                    inf
  Source:                 U_DP/U_REG_DIS/Q_reg[6]/C
                            (rising edge-triggered cell FDCE clocked by sys_clk_pin  {rise@0.000ns fall@5.000ns period=10.000ns})
  Destination:            DISPLAY[6]
                            (output port)
  Path Group:             (none)
  Path Type:              Min at Fast Process Corner
  Data Path Delay:        2.021ns  (logic 1.397ns (69.102%)  route 0.625ns (30.898%))
  Logic Levels:           1  (OBUF=1)
  Clock Uncertainty:      0.025ns  ((TSJ^2 + TIJ^2)^1/2 + DJ) / 2 + PE
    Total System Jitter     (TSJ):    0.050ns
    Total Input Jitter      (TIJ):    0.000ns
    Discrete Jitter          (DJ):    0.000ns
    Phase Error              (PE):    0.000ns

    Location             Delay type                Incr(ns)  Path(ns)    Netlist Resource(s)
  -------------------------------------------------------------------    -------------------
                         (clock sys_clk_pin rise edge)
                                                      0.000     0.000 r  
    E3                                                0.000     0.000 r  clk (IN)
                         net (fo=0)                   0.000     0.000    clk
    E3                   IBUF (Prop_ibuf_I_O)         0.250     0.250 r  clk_IBUF_inst/O
                         net (fo=1, routed)           0.644     0.894    clk_IBUF
    BUFGCTRL_X0Y16       BUFG (Prop_bufg_I_O)         0.026     0.920 r  clk_IBUF_BUFG_inst/O
                         net (fo=28, routed)          0.600     1.519    U_DP/U_REG_DIS/CLK
    SLICE_X0Y84          FDCE                                         r  U_DP/U_REG_DIS/Q_reg[6]/C
  -------------------------------------------------------------------    -------------------
    SLICE_X0Y84          FDCE (Prop_fdce_C_Q)         0.141     1.660 r  U_DP/U_REG_DIS/Q_reg[6]/Q
                         net (fo=1, routed)           0.625     2.285    DISPLAY_OBUF[6]
    U17                  OBUF (Prop_obuf_I_O)         1.256     3.540 r  DISPLAY_OBUF[6]_inst/O
                         net (fo=0)                   0.000     3.540    DISPLAY[6]
    U17                                                               r  DISPLAY[6] (OUT)
  -------------------------------------------------------------------    -------------------

Slack:                    inf
  Source:                 U_DP/U_REG_DIS/Q_reg[5]/C
                            (rising edge-triggered cell FDCE clocked by sys_clk_pin  {rise@0.000ns fall@5.000ns period=10.000ns})
  Destination:            DISPLAY[5]
                            (output port)
  Path Group:             (none)
  Path Type:              Min at Fast Process Corner
  Data Path Delay:        2.040ns  (logic 1.393ns (68.324%)  route 0.646ns (31.676%))
  Logic Levels:           1  (OBUF=1)
  Clock Uncertainty:      0.025ns  ((TSJ^2 + TIJ^2)^1/2 + DJ) / 2 + PE
    Total System Jitter     (TSJ):    0.050ns
    Total Input Jitter      (TIJ):    0.000ns
    Discrete Jitter          (DJ):    0.000ns
    Phase Error              (PE):    0.000ns

    Location             Delay type                Incr(ns)  Path(ns)    Netlist Resource(s)
  -------------------------------------------------------------------    -------------------
                         (clock sys_clk_pin rise edge)
                                                      0.000     0.000 r  
    E3                                                0.000     0.000 r  clk (IN)
                         net (fo=0)                   0.000     0.000    clk
    E3                   IBUF (Prop_ibuf_I_O)         0.250     0.250 r  clk_IBUF_inst/O
                         net (fo=1, routed)           0.644     0.894    clk_IBUF
    BUFGCTRL_X0Y16       BUFG (Prop_bufg_I_O)         0.026     0.920 r  clk_IBUF_BUFG_inst/O
                         net (fo=28, routed)          0.600     1.519    U_DP/U_REG_DIS/CLK
    SLICE_X0Y84          FDCE                                         r  U_DP/U_REG_DIS/Q_reg[5]/C
  -------------------------------------------------------------------    -------------------
    SLICE_X0Y84          FDCE (Prop_fdce_C_Q)         0.141     1.660 r  U_DP/U_REG_DIS/Q_reg[5]/Q
                         net (fo=1, routed)           0.646     2.306    DISPLAY_OBUF[5]
    V17                  OBUF (Prop_obuf_I_O)         1.252     3.559 r  DISPLAY_OBUF[5]_inst/O
                         net (fo=0)                   0.000     3.559    DISPLAY[5]
    V17                                                               r  DISPLAY[5] (OUT)
  -------------------------------------------------------------------    -------------------

Slack:                    inf
  Source:                 U_DP/U_REG_DIS/Q_reg[0]/C
                            (rising edge-triggered cell FDCE clocked by sys_clk_pin  {rise@0.000ns fall@5.000ns period=10.000ns})
  Destination:            DISPLAY[0]
                            (output port)
  Path Group:             (none)
  Path Type:              Min at Fast Process Corner
  Data Path Delay:        2.060ns  (logic 1.362ns (66.142%)  route 0.697ns (33.858%))
  Logic Levels:           1  (OBUF=1)
  Clock Uncertainty:      0.025ns  ((TSJ^2 + TIJ^2)^1/2 + DJ) / 2 + PE
    Total System Jitter     (TSJ):    0.050ns
    Total Input Jitter      (TIJ):    0.000ns
    Discrete Jitter          (DJ):    0.000ns
    Phase Error              (PE):    0.000ns

    Location             Delay type                Incr(ns)  Path(ns)    Netlist Resource(s)
  -------------------------------------------------------------------    -------------------
                         (clock sys_clk_pin rise edge)
                                                      0.000     0.000 r  
    E3                                                0.000     0.000 r  clk (IN)
                         net (fo=0)                   0.000     0.000    clk
    E3                   IBUF (Prop_ibuf_I_O)         0.250     0.250 r  clk_IBUF_inst/O
                         net (fo=1, routed)           0.644     0.894    clk_IBUF
    BUFGCTRL_X0Y16       BUFG (Prop_bufg_I_O)         0.026     0.920 r  clk_IBUF_BUFG_inst/O
                         net (fo=28, routed)          0.600     1.519    U_DP/U_REG_DIS/CLK
    SLICE_X0Y86          FDCE                                         r  U_DP/U_REG_DIS/Q_reg[0]/C
  -------------------------------------------------------------------    -------------------
    SLICE_X0Y86          FDCE (Prop_fdce_C_Q)         0.141     1.660 r  U_DP/U_REG_DIS/Q_reg[0]/Q
                         net (fo=1, routed)           0.697     2.358    DISPLAY_OBUF[0]
    H17                  OBUF (Prop_obuf_I_O)         1.221     3.579 r  DISPLAY_OBUF[0]_inst/O
                         net (fo=0)                   0.000     3.579    DISPLAY[0]
    H17                                                               r  DISPLAY[0] (OUT)
  -------------------------------------------------------------------    -------------------

Slack:                    inf
  Source:                 U_DP/U_REG_DIS/Q_reg[7]/C
                            (rising edge-triggered cell FDCE clocked by sys_clk_pin  {rise@0.000ns fall@5.000ns period=10.000ns})
  Destination:            DISPLAY[7]
                            (output port)
  Path Group:             (none)
  Path Type:              Min at Fast Process Corner
  Data Path Delay:        2.087ns  (logic 1.397ns (66.946%)  route 0.690ns (33.054%))
  Logic Levels:           1  (OBUF=1)
  Clock Uncertainty:      0.025ns  ((TSJ^2 + TIJ^2)^1/2 + DJ) / 2 + PE
    Total System Jitter     (TSJ):    0.050ns
    Total Input Jitter      (TIJ):    0.000ns
    Discrete Jitter          (DJ):    0.000ns
    Phase Error              (PE):    0.000ns

    Location             Delay type                Incr(ns)  Path(ns)    Netlist Resource(s)
  -------------------------------------------------------------------    -------------------
                         (clock sys_clk_pin rise edge)
                                                      0.000     0.000 r  
    E3                                                0.000     0.000 r  clk (IN)
                         net (fo=0)                   0.000     0.000    clk
    E3                   IBUF (Prop_ibuf_I_O)         0.250     0.250 r  clk_IBUF_inst/O
                         net (fo=1, routed)           0.644     0.894    clk_IBUF
    BUFGCTRL_X0Y16       BUFG (Prop_bufg_I_O)         0.026     0.920 r  clk_IBUF_BUFG_inst/O
                         net (fo=28, routed)          0.600     1.519    U_DP/U_REG_DIS/CLK
    SLICE_X0Y84          FDCE                                         r  U_DP/U_REG_DIS/Q_reg[7]/C
  -------------------------------------------------------------------    -------------------
    SLICE_X0Y84          FDCE (Prop_fdce_C_Q)         0.141     1.660 r  U_DP/U_REG_DIS/Q_reg[7]/Q
                         net (fo=1, routed)           0.690     2.350    DISPLAY_OBUF[7]
    U16                  OBUF (Prop_obuf_I_O)         1.256     3.606 r  DISPLAY_OBUF[7]_inst/O
                         net (fo=0)                   0.000     3.606    DISPLAY[7]
    U16                                                               r  DISPLAY[7] (OUT)
  -------------------------------------------------------------------    -------------------

Slack:                    inf
  Source:                 U_DP/U_REG_DIS/Q_reg[2]/C
                            (rising edge-triggered cell FDCE clocked by sys_clk_pin  {rise@0.000ns fall@5.000ns period=10.000ns})
  Destination:            DISPLAY[2]
                            (output port)
  Path Group:             (none)
  Path Type:              Min at Fast Process Corner
  Data Path Delay:        2.093ns  (logic 1.394ns (66.618%)  route 0.699ns (33.382%))
  Logic Levels:           1  (OBUF=1)
  Clock Uncertainty:      0.025ns  ((TSJ^2 + TIJ^2)^1/2 + DJ) / 2 + PE
    Total System Jitter     (TSJ):    0.050ns
    Total Input Jitter      (TIJ):    0.000ns
    Discrete Jitter          (DJ):    0.000ns
    Phase Error              (PE):    0.000ns

    Location             Delay type                Incr(ns)  Path(ns)    Netlist Resource(s)
  -------------------------------------------------------------------    -------------------
                         (clock sys_clk_pin rise edge)
                                                      0.000     0.000 r  
    E3                                                0.000     0.000 r  clk (IN)
                         net (fo=0)                   0.000     0.000    clk
    E3                   IBUF (Prop_ibuf_I_O)         0.250     0.250 r  clk_IBUF_inst/O
                         net (fo=1, routed)           0.644     0.894    clk_IBUF
    BUFGCTRL_X0Y16       BUFG (Prop_bufg_I_O)         0.026     0.920 r  clk_IBUF_BUFG_inst/O
                         net (fo=28, routed)          0.600     1.519    U_DP/U_REG_DIS/CLK
    SLICE_X1Y85          FDCE                                         r  U_DP/U_REG_DIS/Q_reg[2]/C
  -------------------------------------------------------------------    -------------------
    SLICE_X1Y85          FDCE (Prop_fdce_C_Q)         0.141     1.660 r  U_DP/U_REG_DIS/Q_reg[2]/Q
                         net (fo=1, routed)           0.699     2.359    DISPLAY_OBUF[2]
    J13                  OBUF (Prop_obuf_I_O)         1.253     3.612 r  DISPLAY_OBUF[2]_inst/O
                         net (fo=0)                   0.000     3.612    DISPLAY[2]
    J13                                                               r  DISPLAY[2] (OUT)
  -------------------------------------------------------------------    -------------------





--------------------------------------------------------------------------------------
Path Group:  (none)
From Clock:  
  To Clock:  sys_clk_pin

Max Delay            31 Endpoints
Min Delay            31 Endpoints
--------------------------------------------------------------------------------------


Max Delay Paths
--------------------------------------------------------------------------------------
Slack:                    inf
  Source:                 LEFT_sw
                            (input port)
  Destination:            U_CTRL/FF_S3/Q_reg/D
                            (rising edge-triggered cell FDCE clocked by sys_clk_pin  {rise@0.000ns fall@5.000ns period=10.000ns})
  Path Group:             (none)
  Path Type:              Setup (Max at Slow Process Corner)
  Data Path Delay:        3.201ns  (logic 1.604ns (50.095%)  route 1.597ns (49.905%))
  Logic Levels:           2  (IBUF=1 LUT2=1)
  Clock Path Skew:        5.023ns (DCD - SCD + CPR)
    Destination Clock Delay (DCD):    5.023ns
    Source Clock Delay      (SCD):    0.000ns
    Clock Pessimism Removal (CPR):    0.000ns
  Clock Uncertainty:      0.025ns  ((TSJ^2 + TIJ^2)^1/2 + DJ) / 2 + PE
    Total System Jitter     (TSJ):    0.050ns
    Total Input Jitter      (TIJ):    0.000ns
    Discrete Jitter          (DJ):    0.000ns
    Phase Error              (PE):    0.000ns

    Location             Delay type                Incr(ns)  Path(ns)    Netlist Resource(s)
  -------------------------------------------------------------------    -------------------
    L16                                               0.000     0.000 f  LEFT_sw (IN)
                         net (fo=0)                   0.000     0.000    LEFT_sw
    L16                  IBUF (Prop_ibuf_I_O)         1.480     1.480 f  LEFT_sw_IBUF_inst/O
                         net (fo=3, routed)           1.597     3.077    U_CTRL/FF_S3/LEFT_sw_IBUF
    SLICE_X0Y86          LUT2 (Prop_lut2_I1_O)        0.124     3.201 r  U_CTRL/FF_S3/Q_i_1__1/O
                         net (fo=1, routed)           0.000     3.201    U_CTRL/FF_S3/Q_i_1__1_n_0
    SLICE_X0Y86          FDCE                                         r  U_CTRL/FF_S3/Q_reg/D
  -------------------------------------------------------------------    -------------------

                         (clock sys_clk_pin rise edge)
                                                      0.000     0.000 r  
    E3                                                0.000     0.000 r  clk (IN)
                         net (fo=0)                   0.000     0.000    clk
    E3                   IBUF (Prop_ibuf_I_O)         1.411     1.411 r  clk_IBUF_inst/O
                         net (fo=1, routed)           1.920     3.331    clk_IBUF
    BUFGCTRL_X0Y16       BUFG (Prop_bufg_I_O)         0.091     3.422 r  clk_IBUF_BUFG_inst/O
                         net (fo=28, routed)          1.600     5.023    U_CTRL/FF_S3/CLK
    SLICE_X0Y86          FDCE                                         r  U_CTRL/FF_S3/Q_reg/C

Slack:                    inf
  Source:                 GReset
                            (input port)
  Destination:            U_CTRL/FF_S0/Q_reg/PRE
                            (recovery check against rising-edge clock sys_clk_pin  {rise@0.000ns fall@5.000ns period=10.000ns})
  Path Group:             (none)
  Path Type:              Recovery (Max at Slow Process Corner)
  Data Path Delay:        3.161ns  (logic 1.477ns (46.731%)  route 1.684ns (53.269%))
  Logic Levels:           1  (IBUF=1)
  Clock Path Skew:        5.023ns (DCD - SCD + CPR)
    Destination Clock Delay (DCD):    5.023ns
    Source Clock Delay      (SCD):    0.000ns
    Clock Pessimism Removal (CPR):    0.000ns
  Clock Uncertainty:      0.025ns  ((TSJ^2 + TIJ^2)^1/2 + DJ) / 2 + PE
    Total System Jitter     (TSJ):    0.050ns
    Total Input Jitter      (TIJ):    0.000ns
    Discrete Jitter          (DJ):    0.000ns
    Phase Error              (PE):    0.000ns

    Location             Delay type                Incr(ns)  Path(ns)    Netlist Resource(s)
  -------------------------------------------------------------------    -------------------
    R15                                               0.000     0.000 f  GReset (IN)
                         net (fo=0)                   0.000     0.000    GReset
    R15                  IBUF (Prop_ibuf_I_O)         1.477     1.477 f  GReset_IBUF_inst/O
                         net (fo=28, routed)          1.684     3.161    U_CTRL/FF_S0/AR[0]
    SLICE_X0Y86          FDPE                                         f  U_CTRL/FF_S0/Q_reg/PRE
  -------------------------------------------------------------------    -------------------

                         (clock sys_clk_pin rise edge)
                                                      0.000     0.000 r  
    E3                                                0.000     0.000 r  clk (IN)
                         net (fo=0)                   0.000     0.000    clk
    E3                   IBUF (Prop_ibuf_I_O)         1.411     1.411 r  clk_IBUF_inst/O
                         net (fo=1, routed)           1.920     3.331    clk_IBUF
    BUFGCTRL_X0Y16       BUFG (Prop_bufg_I_O)         0.091     3.422 r  clk_IBUF_BUFG_inst/O
                         net (fo=28, routed)          1.600     5.023    U_CTRL/FF_S0/CLK
    SLICE_X0Y86          FDPE                                         r  U_CTRL/FF_S0/Q_reg/C

Slack:                    inf
  Source:                 GReset
                            (input port)
  Destination:            U_CTRL/FF_S1/Q_reg/CLR
                            (recovery check against rising-edge clock sys_clk_pin  {rise@0.000ns fall@5.000ns period=10.000ns})
  Path Group:             (none)
  Path Type:              Recovery (Max at Slow Process Corner)
  Data Path Delay:        3.161ns  (logic 1.477ns (46.731%)  route 1.684ns (53.269%))
  Logic Levels:           1  (IBUF=1)
  Clock Path Skew:        5.023ns (DCD - SCD + CPR)
    Destination Clock Delay (DCD):    5.023ns
    Source Clock Delay      (SCD):    0.000ns
    Clock Pessimism Removal (CPR):    0.000ns
  Clock Uncertainty:      0.025ns  ((TSJ^2 + TIJ^2)^1/2 + DJ) / 2 + PE
    Total System Jitter     (TSJ):    0.050ns
    Total Input Jitter      (TIJ):    0.000ns
    Discrete Jitter          (DJ):    0.000ns
    Phase Error              (PE):    0.000ns

    Location             Delay type                Incr(ns)  Path(ns)    Netlist Resource(s)
  -------------------------------------------------------------------    -------------------
    R15                                               0.000     0.000 f  GReset (IN)
                         net (fo=0)                   0.000     0.000    GReset
    R15                  IBUF (Prop_ibuf_I_O)         1.477     1.477 f  GReset_IBUF_inst/O
                         net (fo=28, routed)          1.684     3.161    U_CTRL/FF_S1/AR[0]
    SLICE_X0Y86          FDCE                                         f  U_CTRL/FF_S1/Q_reg/CLR
  -------------------------------------------------------------------    -------------------

                         (clock sys_clk_pin rise edge)
                                                      0.000     0.000 r  
    E3                                                0.000     0.000 r  clk (IN)
                         net (fo=0)                   0.000     0.000    clk
    E3                   IBUF (Prop_ibuf_I_O)         1.411     1.411 r  clk_IBUF_inst/O
                         net (fo=1, routed)           1.920     3.331    clk_IBUF
    BUFGCTRL_X0Y16       BUFG (Prop_bufg_I_O)         0.091     3.422 r  clk_IBUF_BUFG_inst/O
                         net (fo=28, routed)          1.600     5.023    U_CTRL/FF_S1/CLK
    SLICE_X0Y86          FDCE                                         r  U_CTRL/FF_S1/Q_reg/C

Slack:                    inf
  Source:                 GReset
                            (input port)
  Destination:            U_CTRL/FF_S2/Q_reg/CLR
                            (recovery check against rising-edge clock sys_clk_pin  {rise@0.000ns fall@5.000ns period=10.000ns})
  Path Group:             (none)
  Path Type:              Recovery (Max at Slow Process Corner)
  Data Path Delay:        3.161ns  (logic 1.477ns (46.731%)  route 1.684ns (53.269%))
  Logic Levels:           1  (IBUF=1)
  Clock Path Skew:        5.023ns (DCD - SCD + CPR)
    Destination Clock Delay (DCD):    5.023ns
    Source Clock Delay      (SCD):    0.000ns
    Clock Pessimism Removal (CPR):    0.000ns
  Clock Uncertainty:      0.025ns  ((TSJ^2 + TIJ^2)^1/2 + DJ) / 2 + PE
    Total System Jitter     (TSJ):    0.050ns
    Total Input Jitter      (TIJ):    0.000ns
    Discrete Jitter          (DJ):    0.000ns
    Phase Error              (PE):    0.000ns

    Location             Delay type                Incr(ns)  Path(ns)    Netlist Resource(s)
  -------------------------------------------------------------------    -------------------
    R15                                               0.000     0.000 f  GReset (IN)
                         net (fo=0)                   0.000     0.000    GReset
    R15                  IBUF (Prop_ibuf_I_O)         1.477     1.477 f  GReset_IBUF_inst/O
                         net (fo=28, routed)          1.684     3.161    U_CTRL/FF_S2/AR[0]
    SLICE_X0Y86          FDCE                                         f  U_CTRL/FF_S2/Q_reg/CLR
  -------------------------------------------------------------------    -------------------

                         (clock sys_clk_pin rise edge)
                                                      0.000     0.000 r  
    E3                                                0.000     0.000 r  clk (IN)
                         net (fo=0)                   0.000     0.000    clk
    E3                   IBUF (Prop_ibuf_I_O)         1.411     1.411 r  clk_IBUF_inst/O
                         net (fo=1, routed)           1.920     3.331    clk_IBUF
    BUFGCTRL_X0Y16       BUFG (Prop_bufg_I_O)         0.091     3.422 r  clk_IBUF_BUFG_inst/O
                         net (fo=28, routed)          1.600     5.023    U_CTRL/FF_S2/CLK
    SLICE_X0Y86          FDCE                                         r  U_CTRL/FF_S2/Q_reg/C

Slack:                    inf
  Source:                 GReset
                            (input port)
  Destination:            U_CTRL/FF_S3/Q_reg/CLR
                            (recovery check against rising-edge clock sys_clk_pin  {rise@0.000ns fall@5.000ns period=10.000ns})
  Path Group:             (none)
  Path Type:              Recovery (Max at Slow Process Corner)
  Data Path Delay:        3.161ns  (logic 1.477ns (46.731%)  route 1.684ns (53.269%))
  Logic Levels:           1  (IBUF=1)
  Clock Path Skew:        5.023ns (DCD - SCD + CPR)
    Destination Clock Delay (DCD):    5.023ns
    Source Clock Delay      (SCD):    0.000ns
    Clock Pessimism Removal (CPR):    0.000ns
  Clock Uncertainty:      0.025ns  ((TSJ^2 + TIJ^2)^1/2 + DJ) / 2 + PE
    Total System Jitter     (TSJ):    0.050ns
    Total Input Jitter      (TIJ):    0.000ns
    Discrete Jitter          (DJ):    0.000ns
    Phase Error              (PE):    0.000ns

    Location             Delay type                Incr(ns)  Path(ns)    Netlist Resource(s)
  -------------------------------------------------------------------    -------------------
    R15                                               0.000     0.000 f  GReset (IN)
                         net (fo=0)                   0.000     0.000    GReset
    R15                  IBUF (Prop_ibuf_I_O)         1.477     1.477 f  GReset_IBUF_inst/O
                         net (fo=28, routed)          1.684     3.161    U_CTRL/FF_S3/AR[0]
    SLICE_X0Y86          FDCE                                         f  U_CTRL/FF_S3/Q_reg/CLR
  -------------------------------------------------------------------    -------------------

                         (clock sys_clk_pin rise edge)
                                                      0.000     0.000 r  
    E3                                                0.000     0.000 r  clk (IN)
                         net (fo=0)                   0.000     0.000    clk
    E3                   IBUF (Prop_ibuf_I_O)         1.411     1.411 r  clk_IBUF_inst/O
                         net (fo=1, routed)           1.920     3.331    clk_IBUF
    BUFGCTRL_X0Y16       BUFG (Prop_bufg_I_O)         0.091     3.422 r  clk_IBUF_BUFG_inst/O
                         net (fo=28, routed)          1.600     5.023    U_CTRL/FF_S3/CLK
    SLICE_X0Y86          FDCE                                         r  U_CTRL/FF_S3/Q_reg/C

Slack:                    inf
  Source:                 GReset
                            (input port)
  Destination:            U_DP/U_REG_DIS/Q_reg[0]/CLR
                            (recovery check against rising-edge clock sys_clk_pin  {rise@0.000ns fall@5.000ns period=10.000ns})
  Path Group:             (none)
  Path Type:              Recovery (Max at Slow Process Corner)
  Data Path Delay:        3.161ns  (logic 1.477ns (46.731%)  route 1.684ns (53.269%))
  Logic Levels:           1  (IBUF=1)
  Clock Path Skew:        5.023ns (DCD - SCD + CPR)
    Destination Clock Delay (DCD):    5.023ns
    Source Clock Delay      (SCD):    0.000ns
    Clock Pessimism Removal (CPR):    0.000ns
  Clock Uncertainty:      0.025ns  ((TSJ^2 + TIJ^2)^1/2 + DJ) / 2 + PE
    Total System Jitter     (TSJ):    0.050ns
    Total Input Jitter      (TIJ):    0.000ns
    Discrete Jitter          (DJ):    0.000ns
    Phase Error              (PE):    0.000ns

    Location             Delay type                Incr(ns)  Path(ns)    Netlist Resource(s)
  -------------------------------------------------------------------    -------------------
    R15                                               0.000     0.000 f  GReset (IN)
                         net (fo=0)                   0.000     0.000    GReset
    R15                  IBUF (Prop_ibuf_I_O)         1.477     1.477 f  GReset_IBUF_inst/O
                         net (fo=28, routed)          1.684     3.161    U_DP/U_REG_DIS/AR[0]
    SLICE_X0Y86          FDCE                                         f  U_DP/U_REG_DIS/Q_reg[0]/CLR
  -------------------------------------------------------------------    -------------------

                         (clock sys_clk_pin rise edge)
                                                      0.000     0.000 r  
    E3                                                0.000     0.000 r  clk (IN)
                         net (fo=0)                   0.000     0.000    clk
    E3                   IBUF (Prop_ibuf_I_O)         1.411     1.411 r  clk_IBUF_inst/O
                         net (fo=1, routed)           1.920     3.331    clk_IBUF
    BUFGCTRL_X0Y16       BUFG (Prop_bufg_I_O)         0.091     3.422 r  clk_IBUF_BUFG_inst/O
                         net (fo=28, routed)          1.600     5.023    U_DP/U_REG_DIS/CLK
    SLICE_X0Y86          FDCE                                         r  U_DP/U_REG_DIS/Q_reg[0]/C

Slack:                    inf
  Source:                 GReset
                            (input port)
  Destination:            U_DP/U_REG_L/Q_reg[0]/CLR
                            (recovery check against rising-edge clock sys_clk_pin  {rise@0.000ns fall@5.000ns period=10.000ns})
  Path Group:             (none)
  Path Type:              Recovery (Max at Slow Process Corner)
  Data Path Delay:        3.157ns  (logic 1.477ns (46.796%)  route 1.679ns (53.204%))
  Logic Levels:           1  (IBUF=1)
  Clock Path Skew:        5.023ns (DCD - SCD + CPR)
    Destination Clock Delay (DCD):    5.023ns
    Source Clock Delay      (SCD):    0.000ns
    Clock Pessimism Removal (CPR):    0.000ns
  Clock Uncertainty:      0.025ns  ((TSJ^2 + TIJ^2)^1/2 + DJ) / 2 + PE
    Total System Jitter     (TSJ):    0.050ns
    Total Input Jitter      (TIJ):    0.000ns
    Discrete Jitter          (DJ):    0.000ns
    Phase Error              (PE):    0.000ns

    Location             Delay type                Incr(ns)  Path(ns)    Netlist Resource(s)
  -------------------------------------------------------------------    -------------------
    R15                                               0.000     0.000 f  GReset (IN)
                         net (fo=0)                   0.000     0.000    GReset
    R15                  IBUF (Prop_ibuf_I_O)         1.477     1.477 f  GReset_IBUF_inst/O
                         net (fo=28, routed)          1.679     3.157    U_DP/U_REG_L/AR[0]
    SLICE_X1Y86          FDCE                                         f  U_DP/U_REG_L/Q_reg[0]/CLR
  -------------------------------------------------------------------    -------------------

                         (clock sys_clk_pin rise edge)
                                                      0.000     0.000 r  
    E3                                                0.000     0.000 r  clk (IN)
                         net (fo=0)                   0.000     0.000    clk
    E3                   IBUF (Prop_ibuf_I_O)         1.411     1.411 r  clk_IBUF_inst/O
                         net (fo=1, routed)           1.920     3.331    clk_IBUF
    BUFGCTRL_X0Y16       BUFG (Prop_bufg_I_O)         0.091     3.422 r  clk_IBUF_BUFG_inst/O
                         net (fo=28, routed)          1.600     5.023    U_DP/U_REG_L/CLK
    SLICE_X1Y86          FDCE                                         r  U_DP/U_REG_L/Q_reg[0]/C

Slack:                    inf
  Source:                 GReset
                            (input port)
  Destination:            U_DP/U_REG_L/Q_reg[1]/CLR
                            (recovery check against rising-edge clock sys_clk_pin  {rise@0.000ns fall@5.000ns period=10.000ns})
  Path Group:             (none)
  Path Type:              Recovery (Max at Slow Process Corner)
  Data Path Delay:        3.157ns  (logic 1.477ns (46.796%)  route 1.679ns (53.204%))
  Logic Levels:           1  (IBUF=1)
  Clock Path Skew:        5.023ns (DCD - SCD + CPR)
    Destination Clock Delay (DCD):    5.023ns
    Source Clock Delay      (SCD):    0.000ns
    Clock Pessimism Removal (CPR):    0.000ns
  Clock Uncertainty:      0.025ns  ((TSJ^2 + TIJ^2)^1/2 + DJ) / 2 + PE
    Total System Jitter     (TSJ):    0.050ns
    Total Input Jitter      (TIJ):    0.000ns
    Discrete Jitter          (DJ):    0.000ns
    Phase Error              (PE):    0.000ns

    Location             Delay type                Incr(ns)  Path(ns)    Netlist Resource(s)
  -------------------------------------------------------------------    -------------------
    R15                                               0.000     0.000 f  GReset (IN)
                         net (fo=0)                   0.000     0.000    GReset
    R15                  IBUF (Prop_ibuf_I_O)         1.477     1.477 f  GReset_IBUF_inst/O
                         net (fo=28, routed)          1.679     3.157    U_DP/U_REG_L/AR[0]
    SLICE_X1Y86          FDCE                                         f  U_DP/U_REG_L/Q_reg[1]/CLR
  -------------------------------------------------------------------    -------------------

                         (clock sys_clk_pin rise edge)
                                                      0.000     0.000 r  
    E3                                                0.000     0.000 r  clk (IN)
                         net (fo=0)                   0.000     0.000    clk
    E3                   IBUF (Prop_ibuf_I_O)         1.411     1.411 r  clk_IBUF_inst/O
                         net (fo=1, routed)           1.920     3.331    clk_IBUF
    BUFGCTRL_X0Y16       BUFG (Prop_bufg_I_O)         0.091     3.422 r  clk_IBUF_BUFG_inst/O
                         net (fo=28, routed)          1.600     5.023    U_DP/U_REG_L/CLK
    SLICE_X1Y86          FDCE                                         r  U_DP/U_REG_L/Q_reg[1]/C

Slack:                    inf
  Source:                 LEFT_sw
                            (input port)
  Destination:            U_CTRL/FF_S1/Q_reg/D
                            (rising edge-triggered cell FDCE clocked by sys_clk_pin  {rise@0.000ns fall@5.000ns period=10.000ns})
  Path Group:             (none)
  Path Type:              Setup (Max at Slow Process Corner)
  Data Path Delay:        3.037ns  (logic 1.604ns (52.796%)  route 1.434ns (47.204%))
  Logic Levels:           2  (IBUF=1 LUT2=1)
  Clock Path Skew:        5.023ns (DCD - SCD + CPR)
    Destination Clock Delay (DCD):    5.023ns
    Source Clock Delay      (SCD):    0.000ns
    Clock Pessimism Removal (CPR):    0.000ns
  Clock Uncertainty:      0.025ns  ((TSJ^2 + TIJ^2)^1/2 + DJ) / 2 + PE
    Total System Jitter     (TSJ):    0.050ns
    Total Input Jitter      (TIJ):    0.000ns
    Discrete Jitter          (DJ):    0.000ns
    Phase Error              (PE):    0.000ns

    Location             Delay type                Incr(ns)  Path(ns)    Netlist Resource(s)
  -------------------------------------------------------------------    -------------------
    L16                                               0.000     0.000 r  LEFT_sw (IN)
                         net (fo=0)                   0.000     0.000    LEFT_sw
    L16                  IBUF (Prop_ibuf_I_O)         1.480     1.480 r  LEFT_sw_IBUF_inst/O
                         net (fo=3, routed)           1.434     2.913    U_CTRL/FF_S1/LEFT_sw_IBUF
    SLICE_X0Y86          LUT2 (Prop_lut2_I0_O)        0.124     3.037 r  U_CTRL/FF_S1/Q_i_1/O
                         net (fo=1, routed)           0.000     3.037    U_CTRL/FF_S1/D2_out
    SLICE_X0Y86          FDCE                                         r  U_CTRL/FF_S1/Q_reg/D
  -------------------------------------------------------------------    -------------------

                         (clock sys_clk_pin rise edge)
                                                      0.000     0.000 r  
    E3                                                0.000     0.000 r  clk (IN)
                         net (fo=0)                   0.000     0.000    clk
    E3                   IBUF (Prop_ibuf_I_O)         1.411     1.411 r  clk_IBUF_inst/O
                         net (fo=1, routed)           1.920     3.331    clk_IBUF
    BUFGCTRL_X0Y16       BUFG (Prop_bufg_I_O)         0.091     3.422 r  clk_IBUF_BUFG_inst/O
                         net (fo=28, routed)          1.600     5.023    U_CTRL/FF_S1/CLK
    SLICE_X0Y86          FDCE                                         r  U_CTRL/FF_S1/Q_reg/C

Slack:                    inf
  Source:                 LEFT_sw
                            (input port)
  Destination:            U_CTRL/FF_S2/Q_reg/D
                            (rising edge-triggered cell FDCE clocked by sys_clk_pin  {rise@0.000ns fall@5.000ns period=10.000ns})
  Path Group:             (none)
  Path Type:              Setup (Max at Slow Process Corner)
  Data Path Delay:        3.029ns  (logic 1.604ns (52.934%)  route 1.426ns (47.066%))
  Logic Levels:           2  (IBUF=1 LUT2=1)
  Clock Path Skew:        5.023ns (DCD - SCD + CPR)
    Destination Clock Delay (DCD):    5.023ns
    Source Clock Delay      (SCD):    0.000ns
    Clock Pessimism Removal (CPR):    0.000ns
  Clock Uncertainty:      0.025ns  ((TSJ^2 + TIJ^2)^1/2 + DJ) / 2 + PE
    Total System Jitter     (TSJ):    0.050ns
    Total Input Jitter      (TIJ):    0.000ns
    Discrete Jitter          (DJ):    0.000ns
    Phase Error              (PE):    0.000ns

    Location             Delay type                Incr(ns)  Path(ns)    Netlist Resource(s)
  -------------------------------------------------------------------    -------------------
    L16                                               0.000     0.000 r  LEFT_sw (IN)
                         net (fo=0)                   0.000     0.000    LEFT_sw
    L16                  IBUF (Prop_ibuf_I_O)         1.480     1.480 r  LEFT_sw_IBUF_inst/O
                         net (fo=3, routed)           1.426     2.905    U_CTRL/FF_S2/LEFT_sw_IBUF
    SLICE_X0Y86          LUT2 (Prop_lut2_I0_O)        0.124     3.029 r  U_CTRL/FF_S2/Q_i_1__0/O
                         net (fo=1, routed)           0.000     3.029    U_CTRL/FF_S2/Q_i_1__0_n_0
    SLICE_X0Y86          FDCE                                         r  U_CTRL/FF_S2/Q_reg/D
  -------------------------------------------------------------------    -------------------

                         (clock sys_clk_pin rise edge)
                                                      0.000     0.000 r  
    E3                                                0.000     0.000 r  clk (IN)
                         net (fo=0)                   0.000     0.000    clk
    E3                   IBUF (Prop_ibuf_I_O)         1.411     1.411 r  clk_IBUF_inst/O
                         net (fo=1, routed)           1.920     3.331    clk_IBUF
    BUFGCTRL_X0Y16       BUFG (Prop_bufg_I_O)         0.091     3.422 r  clk_IBUF_BUFG_inst/O
                         net (fo=28, routed)          1.600     5.023    U_CTRL/FF_S2/CLK
    SLICE_X0Y86          FDCE                                         r  U_CTRL/FF_S2/Q_reg/C





Min Delay Paths
--------------------------------------------------------------------------------------
Slack:                    inf
  Source:                 RIGHT_sw
                            (input port)
  Destination:            U_CTRL/FF_S2/Q_reg/D
                            (rising edge-triggered cell FDCE clocked by sys_clk_pin  {rise@0.000ns fall@5.000ns period=10.000ns})
  Path Group:             (none)
  Path Type:              Hold (Min at Fast Process Corner)
  Data Path Delay:        0.664ns  (logic 0.298ns (44.874%)  route 0.366ns (55.126%))
  Logic Levels:           2  (IBUF=1 LUT2=1)
  Clock Path Skew:        2.037ns (DCD - SCD - CPR)
    Destination Clock Delay (DCD):    2.037ns
    Source Clock Delay      (SCD):    0.000ns
    Clock Pessimism Removal (CPR):    -0.000ns

    Location             Delay type                Incr(ns)  Path(ns)    Netlist Resource(s)
  -------------------------------------------------------------------    -------------------
    M13                                               0.000     0.000 f  RIGHT_sw (IN)
                         net (fo=0)                   0.000     0.000    RIGHT_sw
    M13                  IBUF (Prop_ibuf_I_O)         0.253     0.253 f  RIGHT_sw_IBUF_inst/O
                         net (fo=3, routed)           0.366     0.619    U_CTRL/FF_S2/RIGHT_sw_IBUF
    SLICE_X0Y86          LUT2 (Prop_lut2_I1_O)        0.045     0.664 r  U_CTRL/FF_S2/Q_i_1__0/O
                         net (fo=1, routed)           0.000     0.664    U_CTRL/FF_S2/Q_i_1__0_n_0
    SLICE_X0Y86          FDCE                                         r  U_CTRL/FF_S2/Q_reg/D
  -------------------------------------------------------------------    -------------------

                         (clock sys_clk_pin rise edge)
                                                      0.000     0.000 r  
    E3                                                0.000     0.000 r  clk (IN)
                         net (fo=0)                   0.000     0.000    clk
    E3                   IBUF (Prop_ibuf_I_O)         0.438     0.438 r  clk_IBUF_inst/O
                         net (fo=1, routed)           0.699     1.136    clk_IBUF
    BUFGCTRL_X0Y16       BUFG (Prop_bufg_I_O)         0.029     1.165 r  clk_IBUF_BUFG_inst/O
                         net (fo=28, routed)          0.872     2.037    U_CTRL/FF_S2/CLK
    SLICE_X0Y86          FDCE                                         r  U_CTRL/FF_S2/Q_reg/C

Slack:                    inf
  Source:                 RIGHT_sw
                            (input port)
  Destination:            U_CTRL/FF_S1/Q_reg/D
                            (rising edge-triggered cell FDCE clocked by sys_clk_pin  {rise@0.000ns fall@5.000ns period=10.000ns})
  Path Group:             (none)
  Path Type:              Hold (Min at Fast Process Corner)
  Data Path Delay:        0.665ns  (logic 0.298ns (44.806%)  route 0.367ns (55.194%))
  Logic Levels:           2  (IBUF=1 LUT2=1)
  Clock Path Skew:        2.037ns (DCD - SCD - CPR)
    Destination Clock Delay (DCD):    2.037ns
    Source Clock Delay      (SCD):    0.000ns
    Clock Pessimism Removal (CPR):    -0.000ns

    Location             Delay type                Incr(ns)  Path(ns)    Netlist Resource(s)
  -------------------------------------------------------------------    -------------------
    M13                                               0.000     0.000 r  RIGHT_sw (IN)
                         net (fo=0)                   0.000     0.000    RIGHT_sw
    M13                  IBUF (Prop_ibuf_I_O)         0.253     0.253 r  RIGHT_sw_IBUF_inst/O
                         net (fo=3, routed)           0.367     0.620    U_CTRL/FF_S1/RIGHT_sw_IBUF
    SLICE_X0Y86          LUT2 (Prop_lut2_I1_O)        0.045     0.665 r  U_CTRL/FF_S1/Q_i_1/O
                         net (fo=1, routed)           0.000     0.665    U_CTRL/FF_S1/D2_out
    SLICE_X0Y86          FDCE                                         r  U_CTRL/FF_S1/Q_reg/D
  -------------------------------------------------------------------    -------------------

                         (clock sys_clk_pin rise edge)
                                                      0.000     0.000 r  
    E3                                                0.000     0.000 r  clk (IN)
                         net (fo=0)                   0.000     0.000    clk
    E3                   IBUF (Prop_ibuf_I_O)         0.438     0.438 r  clk_IBUF_inst/O
                         net (fo=1, routed)           0.699     1.136    clk_IBUF
    BUFGCTRL_X0Y16       BUFG (Prop_bufg_I_O)         0.029     1.165 r  clk_IBUF_BUFG_inst/O
                         net (fo=28, routed)          0.872     2.037    U_CTRL/FF_S1/CLK
    SLICE_X0Y86          FDCE                                         r  U_CTRL/FF_S1/Q_reg/C

Slack:                    inf
  Source:                 RIGHT_sw
                            (input port)
  Destination:            U_CTRL/FF_S3/Q_reg/D
                            (rising edge-triggered cell FDCE clocked by sys_clk_pin  {rise@0.000ns fall@5.000ns period=10.000ns})
  Path Group:             (none)
  Path Type:              Hold (Min at Fast Process Corner)
  Data Path Delay:        0.750ns  (logic 0.298ns (39.728%)  route 0.452ns (60.272%))
  Logic Levels:           2  (IBUF=1 LUT2=1)
  Clock Path Skew:        2.037ns (DCD - SCD - CPR)
    Destination Clock Delay (DCD):    2.037ns
    Source Clock Delay      (SCD):    0.000ns
    Clock Pessimism Removal (CPR):    -0.000ns

    Location             Delay type                Incr(ns)  Path(ns)    Netlist Resource(s)
  -------------------------------------------------------------------    -------------------
    M13                                               0.000     0.000 r  RIGHT_sw (IN)
                         net (fo=0)                   0.000     0.000    RIGHT_sw
    M13                  IBUF (Prop_ibuf_I_O)         0.253     0.253 r  RIGHT_sw_IBUF_inst/O
                         net (fo=3, routed)           0.452     0.705    U_CTRL/FF_S3/RIGHT_sw_IBUF
    SLICE_X0Y86          LUT2 (Prop_lut2_I0_O)        0.045     0.750 r  U_CTRL/FF_S3/Q_i_1__1/O
                         net (fo=1, routed)           0.000     0.750    U_CTRL/FF_S3/Q_i_1__1_n_0
    SLICE_X0Y86          FDCE                                         r  U_CTRL/FF_S3/Q_reg/D
  -------------------------------------------------------------------    -------------------

                         (clock sys_clk_pin rise edge)
                                                      0.000     0.000 r  
    E3                                                0.000     0.000 r  clk (IN)
                         net (fo=0)                   0.000     0.000    clk
    E3                   IBUF (Prop_ibuf_I_O)         0.438     0.438 r  clk_IBUF_inst/O
                         net (fo=1, routed)           0.699     1.136    clk_IBUF
    BUFGCTRL_X0Y16       BUFG (Prop_bufg_I_O)         0.029     1.165 r  clk_IBUF_BUFG_inst/O
                         net (fo=28, routed)          0.872     2.037    U_CTRL/FF_S3/CLK
    SLICE_X0Y86          FDCE                                         r  U_CTRL/FF_S3/Q_reg/C

Slack:                    inf
  Source:                 GReset
                            (input port)
  Destination:            U_DP/U_REG_L/Q_reg[2]/CLR
                            (removal check against rising-edge clock sys_clk_pin  {rise@0.000ns fall@5.000ns period=10.000ns})
  Path Group:             (none)
  Path Type:              Removal (Min at Fast Process Corner)
  Data Path Delay:        0.854ns  (logic 0.245ns (28.701%)  route 0.609ns (71.299%))
  Logic Levels:           1  (IBUF=1)
  Clock Path Skew:        2.036ns (DCD - SCD - CPR)
    Destination Clock Delay (DCD):    2.036ns
    Source Clock Delay      (SCD):    0.000ns
    Clock Pessimism Removal (CPR):    -0.000ns

    Location             Delay type                Incr(ns)  Path(ns)    Netlist Resource(s)
  -------------------------------------------------------------------    -------------------
    R15                                               0.000     0.000 f  GReset (IN)
                         net (fo=0)                   0.000     0.000    GReset
    R15                  IBUF (Prop_ibuf_I_O)         0.245     0.245 f  GReset_IBUF_inst/O
                         net (fo=28, routed)          0.609     0.854    U_DP/U_REG_L/AR[0]
    SLICE_X1Y84          FDCE                                         f  U_DP/U_REG_L/Q_reg[2]/CLR
  -------------------------------------------------------------------    -------------------

                         (clock sys_clk_pin rise edge)
                                                      0.000     0.000 r  
    E3                                                0.000     0.000 r  clk (IN)
                         net (fo=0)                   0.000     0.000    clk
    E3                   IBUF (Prop_ibuf_I_O)         0.438     0.438 r  clk_IBUF_inst/O
                         net (fo=1, routed)           0.699     1.136    clk_IBUF
    BUFGCTRL_X0Y16       BUFG (Prop_bufg_I_O)         0.029     1.165 r  clk_IBUF_BUFG_inst/O
                         net (fo=28, routed)          0.871     2.036    U_DP/U_REG_L/CLK
    SLICE_X1Y84          FDCE                                         r  U_DP/U_REG_L/Q_reg[2]/C

Slack:                    inf
  Source:                 GReset
                            (input port)
  Destination:            U_DP/U_REG_L/Q_reg[3]/CLR
                            (removal check against rising-edge clock sys_clk_pin  {rise@0.000ns fall@5.000ns period=10.000ns})
  Path Group:             (none)
  Path Type:              Removal (Min at Fast Process Corner)
  Data Path Delay:        0.854ns  (logic 0.245ns (28.701%)  route 0.609ns (71.299%))
  Logic Levels:           1  (IBUF=1)
  Clock Path Skew:        2.036ns (DCD - SCD - CPR)
    Destination Clock Delay (DCD):    2.036ns
    Source Clock Delay      (SCD):    0.000ns
    Clock Pessimism Removal (CPR):    -0.000ns

    Location             Delay type                Incr(ns)  Path(ns)    Netlist Resource(s)
  -------------------------------------------------------------------    -------------------
    R15                                               0.000     0.000 f  GReset (IN)
                         net (fo=0)                   0.000     0.000    GReset
    R15                  IBUF (Prop_ibuf_I_O)         0.245     0.245 f  GReset_IBUF_inst/O
                         net (fo=28, routed)          0.609     0.854    U_DP/U_REG_L/AR[0]
    SLICE_X1Y84          FDCE                                         f  U_DP/U_REG_L/Q_reg[3]/CLR
  -------------------------------------------------------------------    -------------------

                         (clock sys_clk_pin rise edge)
                                                      0.000     0.000 r  
    E3                                                0.000     0.000 r  clk (IN)
                         net (fo=0)                   0.000     0.000    clk
    E3                   IBUF (Prop_ibuf_I_O)         0.438     0.438 r  clk_IBUF_inst/O
                         net (fo=1, routed)           0.699     1.136    clk_IBUF
    BUFGCTRL_X0Y16       BUFG (Prop_bufg_I_O)         0.029     1.165 r  clk_IBUF_BUFG_inst/O
                         net (fo=28, routed)          0.871     2.036    U_DP/U_REG_L/CLK
    SLICE_X1Y84          FDCE                                         r  U_DP/U_REG_L/Q_reg[3]/C

Slack:                    inf
  Source:                 GReset
                            (input port)
  Destination:            U_DP/U_REG_L/Q_reg[4]/CLR
                            (removal check against rising-edge clock sys_clk_pin  {rise@0.000ns fall@5.000ns period=10.000ns})
  Path Group:             (none)
  Path Type:              Removal (Min at Fast Process Corner)
  Data Path Delay:        0.854ns  (logic 0.245ns (28.701%)  route 0.609ns (71.299%))
  Logic Levels:           1  (IBUF=1)
  Clock Path Skew:        2.036ns (DCD - SCD - CPR)
    Destination Clock Delay (DCD):    2.036ns
    Source Clock Delay      (SCD):    0.000ns
    Clock Pessimism Removal (CPR):    -0.000ns

    Location             Delay type                Incr(ns)  Path(ns)    Netlist Resource(s)
  -------------------------------------------------------------------    -------------------
    R15                                               0.000     0.000 f  GReset (IN)
                         net (fo=0)                   0.000     0.000    GReset
    R15                  IBUF (Prop_ibuf_I_O)         0.245     0.245 f  GReset_IBUF_inst/O
                         net (fo=28, routed)          0.609     0.854    U_DP/U_REG_L/AR[0]
    SLICE_X1Y84          FDCE                                         f  U_DP/U_REG_L/Q_reg[4]/CLR
  -------------------------------------------------------------------    -------------------

                         (clock sys_clk_pin rise edge)
                                                      0.000     0.000 r  
    E3                                                0.000     0.000 r  clk (IN)
                         net (fo=0)                   0.000     0.000    clk
    E3                   IBUF (Prop_ibuf_I_O)         0.438     0.438 r  clk_IBUF_inst/O
                         net (fo=1, routed)           0.699     1.136    clk_IBUF
    BUFGCTRL_X0Y16       BUFG (Prop_bufg_I_O)         0.029     1.165 r  clk_IBUF_BUFG_inst/O
                         net (fo=28, routed)          0.871     2.036    U_DP/U_REG_L/CLK
    SLICE_X1Y84          FDCE                                         r  U_DP/U_REG_L/Q_reg[4]/C

Slack:                    inf
  Source:                 GReset
                            (input port)
  Destination:            U_DP/U_REG_L/Q_reg[5]/CLR
                            (removal check against rising-edge clock sys_clk_pin  {rise@0.000ns fall@5.000ns period=10.000ns})
  Path Group:             (none)
  Path Type:              Removal (Min at Fast Process Corner)
  Data Path Delay:        0.854ns  (logic 0.245ns (28.701%)  route 0.609ns (71.299%))
  Logic Levels:           1  (IBUF=1)
  Clock Path Skew:        2.036ns (DCD - SCD - CPR)
    Destination Clock Delay (DCD):    2.036ns
    Source Clock Delay      (SCD):    0.000ns
    Clock Pessimism Removal (CPR):    -0.000ns

    Location             Delay type                Incr(ns)  Path(ns)    Netlist Resource(s)
  -------------------------------------------------------------------    -------------------
    R15                                               0.000     0.000 f  GReset (IN)
                         net (fo=0)                   0.000     0.000    GReset
    R15                  IBUF (Prop_ibuf_I_O)         0.245     0.245 f  GReset_IBUF_inst/O
                         net (fo=28, routed)          0.609     0.854    U_DP/U_REG_L/AR[0]
    SLICE_X1Y84          FDCE                                         f  U_DP/U_REG_L/Q_reg[5]/CLR
  -------------------------------------------------------------------    -------------------

                         (clock sys_clk_pin rise edge)
                                                      0.000     0.000 r  
    E3                                                0.000     0.000 r  clk (IN)
                         net (fo=0)                   0.000     0.000    clk
    E3                   IBUF (Prop_ibuf_I_O)         0.438     0.438 r  clk_IBUF_inst/O
                         net (fo=1, routed)           0.699     1.136    clk_IBUF
    BUFGCTRL_X0Y16       BUFG (Prop_bufg_I_O)         0.029     1.165 r  clk_IBUF_BUFG_inst/O
                         net (fo=28, routed)          0.871     2.036    U_DP/U_REG_L/CLK
    SLICE_X1Y84          FDCE                                         r  U_DP/U_REG_L/Q_reg[5]/C

Slack:                    inf
  Source:                 GReset
                            (input port)
  Destination:            U_DP/U_REG_L/Q_reg[6]/CLR
                            (removal check against rising-edge clock sys_clk_pin  {rise@0.000ns fall@5.000ns period=10.000ns})
  Path Group:             (none)
  Path Type:              Removal (Min at Fast Process Corner)
  Data Path Delay:        0.854ns  (logic 0.245ns (28.701%)  route 0.609ns (71.299%))
  Logic Levels:           1  (IBUF=1)
  Clock Path Skew:        2.036ns (DCD - SCD - CPR)
    Destination Clock Delay (DCD):    2.036ns
    Source Clock Delay      (SCD):    0.000ns
    Clock Pessimism Removal (CPR):    -0.000ns

    Location             Delay type                Incr(ns)  Path(ns)    Netlist Resource(s)
  -------------------------------------------------------------------    -------------------
    R15                                               0.000     0.000 f  GReset (IN)
                         net (fo=0)                   0.000     0.000    GReset
    R15                  IBUF (Prop_ibuf_I_O)         0.245     0.245 f  GReset_IBUF_inst/O
                         net (fo=28, routed)          0.609     0.854    U_DP/U_REG_L/AR[0]
    SLICE_X1Y84          FDCE                                         f  U_DP/U_REG_L/Q_reg[6]/CLR
  -------------------------------------------------------------------    -------------------

                         (clock sys_clk_pin rise edge)
                                                      0.000     0.000 r  
    E3                                                0.000     0.000 r  clk (IN)
                         net (fo=0)                   0.000     0.000    clk
    E3                   IBUF (Prop_ibuf_I_O)         0.438     0.438 r  clk_IBUF_inst/O
                         net (fo=1, routed)           0.699     1.136    clk_IBUF
    BUFGCTRL_X0Y16       BUFG (Prop_bufg_I_O)         0.029     1.165 r  clk_IBUF_BUFG_inst/O
                         net (fo=28, routed)          0.871     2.036    U_DP/U_REG_L/CLK
    SLICE_X1Y84          FDCE                                         r  U_DP/U_REG_L/Q_reg[6]/C

Slack:                    inf
  Source:                 GReset
                            (input port)
  Destination:            U_DP/U_REG_L/Q_reg[7]/CLR
                            (removal check against rising-edge clock sys_clk_pin  {rise@0.000ns fall@5.000ns period=10.000ns})
  Path Group:             (none)
  Path Type:              Removal (Min at Fast Process Corner)
  Data Path Delay:        0.854ns  (logic 0.245ns (28.701%)  route 0.609ns (71.299%))
  Logic Levels:           1  (IBUF=1)
  Clock Path Skew:        2.036ns (DCD - SCD - CPR)
    Destination Clock Delay (DCD):    2.036ns
    Source Clock Delay      (SCD):    0.000ns
    Clock Pessimism Removal (CPR):    -0.000ns

    Location             Delay type                Incr(ns)  Path(ns)    Netlist Resource(s)
  -------------------------------------------------------------------    -------------------
    R15                                               0.000     0.000 f  GReset (IN)
                         net (fo=0)                   0.000     0.000    GReset
    R15                  IBUF (Prop_ibuf_I_O)         0.245     0.245 f  GReset_IBUF_inst/O
                         net (fo=28, routed)          0.609     0.854    U_DP/U_REG_L/AR[0]
    SLICE_X1Y84          FDCE                                         f  U_DP/U_REG_L/Q_reg[7]/CLR
  -------------------------------------------------------------------    -------------------

                         (clock sys_clk_pin rise edge)
                                                      0.000     0.000 r  
    E3                                                0.000     0.000 r  clk (IN)
                         net (fo=0)                   0.000     0.000    clk
    E3                   IBUF (Prop_ibuf_I_O)         0.438     0.438 r  clk_IBUF_inst/O
                         net (fo=1, routed)           0.699     1.136    clk_IBUF
    BUFGCTRL_X0Y16       BUFG (Prop_bufg_I_O)         0.029     1.165 r  clk_IBUF_BUFG_inst/O
                         net (fo=28, routed)          0.871     2.036    U_DP/U_REG_L/CLK
    SLICE_X1Y84          FDCE                                         r  U_DP/U_REG_L/Q_reg[7]/C

Slack:                    inf
  Source:                 GReset
                            (input port)
  Destination:            U_DP/U_REG_DIS/Q_reg[3]/CLR
                            (removal check against rising-edge clock sys_clk_pin  {rise@0.000ns fall@5.000ns period=10.000ns})
  Path Group:             (none)
  Path Type:              Removal (Min at Fast Process Corner)
  Data Path Delay:        0.858ns  (logic 0.245ns (28.555%)  route 0.613ns (71.445%))
  Logic Levels:           1  (IBUF=1)
  Clock Path Skew:        2.036ns (DCD - SCD - CPR)
    Destination Clock Delay (DCD):    2.036ns
    Source Clock Delay      (SCD):    0.000ns
    Clock Pessimism Removal (CPR):    -0.000ns

    Location             Delay type                Incr(ns)  Path(ns)    Netlist Resource(s)
  -------------------------------------------------------------------    -------------------
    R15                                               0.000     0.000 f  GReset (IN)
                         net (fo=0)                   0.000     0.000    GReset
    R15                  IBUF (Prop_ibuf_I_O)         0.245     0.245 f  GReset_IBUF_inst/O
                         net (fo=28, routed)          0.613     0.858    U_DP/U_REG_DIS/AR[0]
    SLICE_X0Y84          FDCE                                         f  U_DP/U_REG_DIS/Q_reg[3]/CLR
  -------------------------------------------------------------------    -------------------

                         (clock sys_clk_pin rise edge)
                                                      0.000     0.000 r  
    E3                                                0.000     0.000 r  clk (IN)
                         net (fo=0)                   0.000     0.000    clk
    E3                   IBUF (Prop_ibuf_I_O)         0.438     0.438 r  clk_IBUF_inst/O
                         net (fo=1, routed)           0.699     1.136    clk_IBUF
    BUFGCTRL_X0Y16       BUFG (Prop_bufg_I_O)         0.029     1.165 r  clk_IBUF_BUFG_inst/O
                         net (fo=28, routed)          0.871     2.036    U_DP/U_REG_DIS/CLK
    SLICE_X0Y84          FDCE                                         r  U_DP/U_REG_DIS/Q_reg[3]/C





